"","Date","Global_active_power","Voltage"
"1",2006-12-16,3.05347474747475,236.243762626263
"2",2006-12-17,2.35448611111111,240.087027777778
"3",2006-12-18,1.53043472222222,241.231694444444
"4",2006-12-19,1.15707916666667,241.9993125
"5",2006-12-20,1.54565833333333,242.3080625
"6",2006-12-21,NA,NA
"7",2006-12-22,1.62592916666667,241.184548611111
"8",2006-12-23,3.31485138888889,240.136076388889
"9",2006-12-24,1.77084166666667,241.6874375
"10",2006-12-25,1.90494444444444,243.399930555556
"11",2006-12-26,2.73202083333333,241.6254375
"12",2006-12-27,1.06163888888889,243.767361111111
"13",2006-12-28,1.43933194444444,243.268333333333
"14",2006-12-29,2.20443888888889,240.871305555556
"15",2006-12-30,NA,NA
"16",2006-12-31,2.426525,239.896576388889
"17",2007-01-01,1.90903055555556,240.128979166667
"18",2007-01-02,0.881413888888889,241.943777777778
"19",2007-01-03,0.704204166666667,243.557090277778
"20",2007-01-04,2.26348055555556,239.750298611111
"21",2007-01-05,1.88428055555556,240.495763888889
"22",2007-01-06,1.04748472222222,239.673055555556
"23",2007-01-07,1.69973611111111,240.902486111111
"24",2007-01-08,1.5565,239.576951388889
"25",2007-01-09,1.29795416666667,240.487520833333
"26",2007-01-10,1.49638888888889,241.027451388889
"27",2007-01-11,1.56610694444444,241.1556875
"28",2007-01-12,1.01478888888889,241.538208333333
"29",2007-01-13,2.21306527777778,239.283611111111
"30",2007-01-14,NA,NA
"31",2007-01-15,1.4921375,241.240909722222
"32",2007-01-16,1.17111388888889,241.944756944444
"33",2007-01-17,1.97756111111111,241.00525
"34",2007-01-18,1.26490416666667,240.893597222222
"35",2007-01-19,1.02808333333333,240.160944444444
"36",2007-01-20,2.17620277777778,238.867472222222
"37",2007-01-21,2.36615416666667,238.968118055556
"38",2007-01-22,1.51423194444444,241.603131944444
"39",2007-01-23,1.23447222222222,242.762555555556
"40",2007-01-24,2.07489861111111,241.457694444444
"41",2007-01-25,1.10857222222222,243.424361111111
"42",2007-01-26,1.12359166666667,242.771791666667
"43",2007-01-27,1.41949444444444,241.616569444444
"44",2007-01-28,NA,NA
"45",2007-01-29,1.37685,240.929597222222
"46",2007-01-30,1.18597083333333,241.840875
"47",2007-01-31,1.64149444444444,239.921131944444
"48",2007-02-01,1.26719444444444,240.392138888889
"49",2007-02-02,1.15815,240.334388888889
"50",2007-02-03,2.79841805555556,238.910194444444
"51",2007-02-04,2.49718055555556,239.633333333333
"52",2007-02-05,1.14255555555556,240.8103125
"53",2007-02-06,0.884361111111111,241.264159722222
"54",2007-02-07,1.61667916666667,241.149694444444
"55",2007-02-08,1.25098194444444,241.797305555556
"56",2007-02-09,1.1251375,241.740444444444
"57",2007-02-10,1.96481111111111,240.036826388889
"58",2007-02-11,2.48001944444444,239.506145833333
"59",2007-02-12,1.30389583333333,240.0985
"60",2007-02-13,0.982323611111111,241.166854166667
"61",2007-02-14,1.73518888888889,240.375388888889
"62",2007-02-15,1.3787125,240.669222222222
"63",2007-02-16,1.18231111111111,240.820944444444
"64",2007-02-17,1.4423,239.316034722222
"65",2007-02-18,2.65955694444444,239.170805555556
"66",2007-02-19,1.51848194444444,239.789583333333
"67",2007-02-20,2.18745,239.865444444444
"68",2007-02-21,1.43949583333333,240.460965277778
"69",2007-02-22,NA,NA
"70",2007-02-23,0.912138888888889,240.685965277778
"71",2007-02-24,0.496473611111111,239.863104166667
"72",2007-02-25,0.348430555555556,241.681548611111
"73",2007-02-26,0.394780555555556,241.273590277778
"74",2007-02-27,0.3598,242.944270833333
"75",2007-02-28,0.361648611111111,242.159590277778
"76",2007-03-01,0.359419444444444,241.321402777778
"77",2007-03-02,0.358116666666667,240.591597222222
"78",2007-03-03,0.568834722222222,241.288083333333
"79",2007-03-04,1.451875,240.029798611111
"80",2007-03-05,1.84745277777778,240.030909722222
"81",2007-03-06,0.865625,240.988069444444
"82",2007-03-07,1.64944861111111,240.3235625
"83",2007-03-08,1.09175833333333,240.665423611111
"84",2007-03-09,0.883758333333333,240.888465277778
"85",2007-03-10,1.72549444444444,239.802833333333
"86",2007-03-11,2.41710833333333,240.007291666667
"87",2007-03-12,1.35463055555556,240.558715277778
"88",2007-03-13,0.895933333333334,240.897965277778
"89",2007-03-14,1.24539166666667,240.777291666667
"90",2007-03-15,1.30889861111111,240.280493055556
"91",2007-03-16,1.18198194444444,239.527131944444
"92",2007-03-17,1.40839583333333,238.224652777778
"93",2007-03-18,1.64655972222222,241.047819444444
"94",2007-03-19,1.49480416666667,240.497090277778
"95",2007-03-20,1.44876944444444,240.815638888889
"96",2007-03-21,1.48756388888889,240.986645833333
"97",2007-03-22,1.01040138888889,241.763527777778
"98",2007-03-23,0.909033333333333,241.645479166667
"99",2007-03-24,2.06140972222222,239.704472222222
"100",2007-03-25,NA,NA
"101",2007-03-26,0.983390277777778,241.3368125
"102",2007-03-27,0.767458333333334,240.601979166667
"103",2007-03-28,1.6207625,240.444611111111
"104",2007-03-29,1.10444861111111,240.5366875
"105",2007-03-30,0.973884722222223,241.039229166667
"106",2007-03-31,2.43715972222222,239.260770833333
"107",2007-04-01,1.93468888888889,240.024486111111
"108",2007-04-02,1.36165138888889,240.460118055556
"109",2007-04-03,1.14084722222222,240.504958333333
"110",2007-04-04,1.42490833333333,240.331784722222
"111",2007-04-05,1.28060972222222,241.173104166667
"112",2007-04-06,1.11190277777778,241.184451388889
"113",2007-04-07,1.07911388888889,240.378590277778
"114",2007-04-08,1.11723333333333,240.349180555556
"115",2007-04-09,0.695083333333334,240.550486111111
"116",2007-04-10,0.539836111111112,240.813701388889
"117",2007-04-11,0.616306944444445,241.154826388889
"118",2007-04-12,0.373406944444444,240.2560625
"119",2007-04-13,0.382654166666667,240.050486111111
"120",2007-04-14,0.384908333333333,240.313145833333
"121",2007-04-15,0.504280555555556,240.2366875
"122",2007-04-16,0.661381944444444,240.657138888889
"123",2007-04-17,0.849815277777777,240.195666666667
"124",2007-04-18,0.693226388888889,240.146777777778
"125",2007-04-19,0.714345833333333,240.429840277778
"126",2007-04-20,0.571236111111111,240.132895833333
"127",2007-04-21,1.16226111111111,239.213236111111
"128",2007-04-22,1.55119027777778,239.608881944444
"129",2007-04-23,0.7323375,237.235645833333
"130",2007-04-24,0.716736111111111,235.344923611111
"131",2007-04-25,0.877890277777778,234.941111111111
"132",2007-04-26,0.885740277777778,234.787298611111
"133",2007-04-27,0.759952777777778,235.216166666667
"134",2007-04-28,NA,NA
"135",2007-04-29,NA,NA
"136",2007-04-30,NA,NA
"137",2007-05-01,1.15545694444444,234.678701388889
"138",2007-05-02,0.696865277777778,235.582076388889
"139",2007-05-03,0.757109722222222,235.134888888889
"140",2007-05-04,0.693144444444445,235.710194444444
"141",2007-05-05,1.08545277777778,235.035020833333
"142",2007-05-06,1.45979444444444,234.409652777778
"143",2007-05-07,1.14143333333333,234.536972222222
"144",2007-05-08,1.24256388888889,234.906236111111
"145",2007-05-09,1.15676111111111,234.873722222222
"146",2007-05-10,0.491586111111111,235.796256944444
"147",2007-05-11,0.679968055555555,235.229756944444
"148",2007-05-12,1.0010875,234.722902777778
"149",2007-05-13,1.13523472222222,235.708708333333
"150",2007-05-14,1.01929305555556,235.690069444444
"151",2007-05-15,0.62805,235.611993055556
"152",2007-05-16,1.17565555555555,235.2608125
"153",2007-05-17,0.855427777777777,235.868458333333
"154",2007-05-18,1.13300694444445,235.994597222222
"155",2007-05-19,0.992668055555555,234.944722222222
"156",2007-05-20,1.36689444444444,235.348118055556
"157",2007-05-21,0.777820833333334,234.691909722222
"158",2007-05-22,0.786702777777777,235.480576388889
"159",2007-05-23,1.01731666666667,234.812493055556
"160",2007-05-24,0.801658333333333,235.5460625
"161",2007-05-25,1.12098611111111,234.447201388889
"162",2007-05-26,1.05017222222222,235.069888888889
"163",2007-05-27,1.4957,234.9084375
"164",2007-05-28,1.13713055555556,234.906576388889
"165",2007-05-29,0.737041666666667,235.694347222222
"166",2007-05-30,1.1179625,234.831395833333
"167",2007-05-31,0.651770833333333,235.096527777778
"168",2007-06-01,NA,NA
"169",2007-06-02,1.03080694444444,234.469027777778
"170",2007-06-03,1.46390694444444,234.762375
"171",2007-06-04,0.633068055555556,234.748069444444
"172",2007-06-05,1.01311944444444,234.692763888889
"173",2007-06-06,NA,NA
"174",2007-06-07,0.684029166666667,234.478805555556
"175",2007-06-08,1.49169861111111,236.197444444444
"176",2007-06-09,NA,NA
"177",2007-06-10,0.931119444444445,240.844284722222
"178",2007-06-11,0.551843055555555,240.85675
"179",2007-06-12,0.638031944444445,240.224895833333
"180",2007-06-13,0.643938888888889,240.397604166667
"181",2007-06-14,0.874363888888889,239.847784722222
"182",2007-06-15,0.687225,240.464381944444
"183",2007-06-16,1.40122361111111,239.501694444444
"184",2007-06-17,1.35214583333333,240.219180555556
"185",2007-06-18,0.4711625,240.776201388889
"186",2007-06-19,NA,NA
"187",2007-06-20,0.746031944444445,240.156166666667
"188",2007-06-21,0.560379166666667,240.574944444444
"189",2007-06-22,0.393259722222222,240.835631944444
"190",2007-06-23,0.331643055555556,240.318965277778
"191",2007-06-24,0.496288888888889,241.132215277778
"192",2007-06-25,0.744584722222221,240.422263888889
"193",2007-06-26,0.656186111111111,240.094506944444
"194",2007-06-27,1.02835138888889,239.758409722222
"195",2007-06-28,0.899609722222222,239.423666666667
"196",2007-06-29,NA,NA
"197",2007-06-30,0.927301388888889,240.011611111111
"198",2007-07-01,0.712961111111111,240.067152777778
"199",2007-07-02,0.671550000000002,240.6718125
"200",2007-07-03,0.73605,240.1869375
"201",2007-07-04,0.6968125,240.659631944444
"202",2007-07-05,0.734229166666668,240.444444444444
"203",2007-07-06,0.742725,240.599451388889
"204",2007-07-07,0.943198611111111,239.910138888889
"205",2007-07-08,0.756305555555556,240.338895833333
"206",2007-07-09,0.819554166666667,240.617645833333
"207",2007-07-10,0.630780555555556,239.983055555556
"208",2007-07-11,0.501633333333333,241.030034722222
"209",2007-07-12,0.742765277777778,240.764618055556
"210",2007-07-13,0.551654166666667,240.854805555556
"211",2007-07-14,0.8945625,241.291881944444
"212",2007-07-15,NA,NA
"213",2007-07-16,0.592829166666667,236.507236111111
"214",2007-07-17,0.499744444444444,234.741256944444
"215",2007-07-18,0.525751388888889,231.088229166667
"216",2007-07-19,0.470754166666667,234.261861111111
"217",2007-07-20,0.771126388888889,235.568902777778
"218",2007-07-21,0.736283333333333,234.256625
"219",2007-07-22,NA,NA
"220",2007-07-23,0.688206944444444,234.500868055556
"221",2007-07-24,0.573113888888889,235.363041666667
"222",2007-07-25,0.328166666666667,235.641048611111
"223",2007-07-26,0.642013888888889,234.943722222222
"224",2007-07-27,0.835079166666667,235.553680555556
"225",2007-07-28,1.12629305555555,235.507236111111
"226",2007-07-29,0.222997222222222,235.712034722222
"227",2007-07-30,0.324177777777778,235.530229166667
"228",2007-07-31,0.564119444444445,234.9148125
"229",2007-08-01,NA,NA
"230",2007-08-02,0.707927777777778,234.856590277778
"231",2007-08-03,0.738447222222222,234.485604166667
"232",2007-08-04,0.795131944444445,235.257222222222
"233",2007-08-05,0.546595833333334,235.115270833333
"234",2007-08-06,0.75675,234.702743055556
"235",2007-08-07,1.03026388888889,234.553881944444
"236",2007-08-08,0.781584722222222,234.512375
"237",2007-08-09,0.744222222222222,234.214388888889
"238",2007-08-10,0.713895833333334,234.4888125
"239",2007-08-11,0.758090277777778,234.980180555556
"240",2007-08-12,0.862433333333332,235.664854166667
"241",2007-08-13,0.800702777777777,235.216569444444
"242",2007-08-14,0.653604166666667,237.076388888889
"243",2007-08-15,0.827680555555555,239.993409722222
"244",2007-08-16,0.665622222222222,239.737659722222
"245",2007-08-17,0.701313888888889,240.494048611111
"246",2007-08-18,0.241638888888889,241.279631944444
"247",2007-08-19,0.987704166666665,239.953666666667
"248",2007-08-20,0.929751388888889,241.300694444444
"249",2007-08-21,0.446219444444444,240.573055555556
"250",2007-08-22,0.840144444444445,240.817319444444
"251",2007-08-23,0.772438888888889,240.647305555556
"252",2007-08-24,NA,NA
"253",2007-08-25,0.799222222222222,239.859826388889
"254",2007-08-26,0.913129166666667,239.950916666667
"255",2007-08-27,0.841479166666666,239.923583333333
"256",2007-08-28,0.692363888888889,239.549875
"257",2007-08-29,0.519438888888889,240.744993055556
"258",2007-08-30,0.835040277777777,240.573173611111
"259",2007-08-31,0.888765277777778,239.985701388889
"260",2007-09-01,1.1815875,239.355743055556
"261",2007-09-02,1.15449166666667,240.045333333333
"262",2007-09-03,0.721473611111111,239.620347222222
"263",2007-09-04,1.10065555555556,239.659666666667
"264",2007-09-05,0.858730555555556,239.148159722222
"265",2007-09-06,0.626023611111111,239.340048611111
"266",2007-09-07,0.928122222222222,239.031701388889
"267",2007-09-08,1.02066111111111,239.730444444444
"268",2007-09-09,1.16632083333333,238.922145833333
"269",2007-09-10,0.775955555555556,239.388659722222
"270",2007-09-11,0.683036111111112,240.071993055556
"271",2007-09-12,0.894280555555556,240.015055555556
"272",2007-09-13,0.796098611111111,239.309833333333
"273",2007-09-14,0.788520833333333,239.301895833333
"274",2007-09-15,0.760633333333333,240.001972222222
"275",2007-09-16,1.14737777777778,239.560465277778
"276",2007-09-17,1.0147125,239.214798611111
"277",2007-09-18,0.810777777777778,238.260673611111
"278",2007-09-19,0.901863888888889,240.305208333333
"279",2007-09-20,0.871897222222222,239.714986111111
"280",2007-09-21,0.86026388888889,239.381465277778
"281",2007-09-22,0.816786111111111,239.483034722222
"282",2007-09-23,0.984701388888888,239.500430555556
"283",2007-09-24,0.940645833333334,238.600604166667
"284",2007-09-25,1.2252375,238.099611111111
"285",2007-09-26,NA,NA
"286",2007-09-27,0.967083333333334,239.567055555556
"287",2007-09-28,1.1670125,239.462430555556
"288",2007-09-29,1.59480694444444,239.140111111111
"289",2007-09-30,1.05297916666667,240.064784722222
"290",2007-10-01,1.19508472222222,239.239916666667
"291",2007-10-02,1.52698888888889,238.493791666667
"292",2007-10-03,0.889204166666667,239.261069444444
"293",2007-10-04,1.05448472222222,239.205076388889
"294",2007-10-05,0.968119444444445,238.827111111111
"295",2007-10-06,1.21961111111111,238.380715277778
"296",2007-10-07,1.46257916666667,238.826277777778
"297",2007-10-08,0.760584722222222,239.096548611111
"298",2007-10-09,1.17212361111111,238.879145833333
"299",2007-10-10,0.810397222222221,239.421159722222
"300",2007-10-11,1.2030875,238.444152777778
"301",2007-10-12,1.32951666666667,238.4813125
"302",2007-10-13,1.33800555555556,238.765409722222
"303",2007-10-14,1.431425,239.101034722222
"304",2007-10-15,0.879395833333333,239.292708333333
"305",2007-10-16,1.36419583333333,238.862618055556
"306",2007-10-17,1.09509027777778,239.192131944444
"307",2007-10-18,1.05453472222222,239.800284722222
"308",2007-10-19,1.44836666666667,239.652173611111
"309",2007-10-20,1.15294861111111,241.824819444444
"310",2007-10-21,1.34856944444444,241.490743055556
"311",2007-10-22,1.14784444444444,240.545402777778
"312",2007-10-23,NA,NA
"313",2007-10-24,1.29558055555556,240.808270833333
"314",2007-10-25,1.28744305555556,240.472631944444
"315",2007-10-26,0.998311111111111,240.680854166667
"316",2007-10-27,1.24006111111111,240.201208333333
"317",2007-10-28,0.355665277777778,240.866055555556
"318",2007-10-29,0.378769444444444,241.193305555556
"319",2007-10-30,0.5632,240.625923611111
"320",2007-10-31,0.891118055555555,240.338979166667
"321",2007-11-01,0.344594444444444,240.938402777778
"322",2007-11-02,1.00250138888889,239.348986111111
"323",2007-11-03,0.342048611111111,240.190506944444
"324",2007-11-04,1.03172638888889,240.205520833333
"325",2007-11-05,1.04207777777778,239.659111111111
"326",2007-11-06,1.44609583333333,238.701958333333
"327",2007-11-07,1.28108194444444,239.564909722222
"328",2007-11-08,1.04240277777778,240.752645833333
"329",2007-11-09,1.50779583333333,238.7154375
"330",2007-11-10,1.81361111111111,239.110409722222
"331",2007-11-11,1.31050277777778,240.260263888889
"332",2007-11-12,1.49732361111111,239.825590277778
"333",2007-11-13,1.53777638888889,241.122979166667
"334",2007-11-14,1.42221805555556,239.946027777778
"335",2007-11-15,1.03610277777778,239.984993055556
"336",2007-11-16,1.60399583333333,240.983513888889
"337",2007-11-17,1.81256527777778,240.603423611111
"338",2007-11-18,1.51656805555556,242.260458333333
"339",2007-11-19,1.19698194444445,242.766354166667
"340",2007-11-20,1.45545555555556,241.338826388889
"341",2007-11-21,NA,NA
"342",2007-11-22,1.34192916666667,241.565048611111
"343",2007-11-23,1.75181805555556,240.722368055556
"344",2007-11-24,1.3187875,241.802743055556
"345",2007-11-25,0.969165277777778,242.661159722222
"346",2007-11-26,1.09008055555556,241.116493055556
"347",2007-11-27,1.94514722222222,241.321097222222
"348",2007-11-28,1.14231944444444,242.894805555556
"349",2007-11-29,NA,NA
"350",2007-11-30,1.61925555555556,243.48775
"351",2007-12-01,2.17704305555556,240.266083333333
"352",2007-12-02,2.04596388888889,240.730006944444
"353",2007-12-03,1.22365277777778,241.079590277778
"354",2007-12-04,1.43585833333333,241.535979166667
"355",2007-12-05,1.49522222222222,241.227881944444
"356",2007-12-06,1.72773194444444,239.710097222222
"357",2007-12-07,1.22848333333333,240.671048611111
"358",2007-12-08,1.53708611111111,239.559930555556
"359",2007-12-09,1.57957222222222,239.915076388889
"360",2007-12-10,1.22135694444444,241.903833333333
"361",2007-12-11,1.60076666666667,241.460236111111
"362",2007-12-12,1.10282083333333,242.476326388889
"363",2007-12-13,1.28315694444445,241.827340277778
"364",2007-12-14,1.37139444444444,241.985923611111
"365",2007-12-15,1.90060833333333,241.280645833333
"366",2007-12-16,1.91820694444444,242.684986111111
"367",2007-12-17,NA,NA
"368",2007-12-18,1.8216625,242.939986111111
"369",2007-12-19,1.52503611111111,242.701097222222
"370",2007-12-20,1.35399861111111,243.1679375
"371",2007-12-21,1.37678888888889,242.881631944444
"372",2007-12-22,1.81337777777778,242.145534722222
"373",2007-12-23,1.67295,242.5579375
"374",2007-12-24,1.56795,242.650423611111
"375",2007-12-25,1.87150555555555,242.980868055556
"376",2007-12-26,1.79186111111111,242.392395833333
"377",2007-12-27,1.75847083333333,242.111611111111
"378",2007-12-28,2.16184166666667,242.284479166667
"379",2007-12-29,2.29094166666667,240.550666666667
"380",2007-12-30,1.777025,242.099173611111
"381",2007-12-31,1.53926527777778,241.094791666667
"382",2008-01-01,1.91648472222222,241.036673611111
"383",2008-01-02,1.14174027777778,242.417451388889
"384",2008-01-03,1.04868611111111,243.077458333333
"385",2008-01-04,1.59156388888889,241.273381944444
"386",2008-01-05,1.51614444444444,238.822944444444
"387",2008-01-06,1.26748888888889,239.407291666667
"388",2008-01-07,1.17764861111111,240.7439375
"389",2008-01-08,1.41913194444444,240.821805555556
"390",2008-01-09,1.24197222222222,241.258638888889
"391",2008-01-10,1.31533055555556,240.807138888889
"392",2008-01-11,1.18459583333333,240.410048611111
"393",2008-01-12,1.99403333333333,239.960180555556
"394",2008-01-13,NA,NA
"395",2008-01-14,1.40620277777778,240.299006944444
"396",2008-01-15,1.86591111111111,240.709486111111
"397",2008-01-16,1.48323055555556,240.422145833333
"398",2008-01-17,1.0918625,241.627993055556
"399",2008-01-18,1.51874166666667,239.932930555556
"400",2008-01-19,1.3752125,239.605923611111
"401",2008-01-20,1.20858888888889,239.944541666667
"402",2008-01-21,1.29097083333333,239.56475
"403",2008-01-22,1.61459583333333,240.094777777778
"404",2008-01-23,1.30715833333333,240.907048611111
"405",2008-01-24,1.14237638888889,240.779229166667
"406",2008-01-25,1.55545555555556,240.705444444444
"407",2008-01-26,1.96874166666667,239.760208333333
"408",2008-01-27,1.65400416666667,241.303673611111
"409",2008-01-28,1.60291388888889,240.466777777778
"410",2008-01-29,1.85835,240.623104166667
"411",2008-01-30,1.1393375,241.614652777778
"412",2008-01-31,1.35689027777778,241.88575
"413",2008-02-01,1.06573055555556,240.360270833333
"414",2008-02-02,NA,NA
"415",2008-02-03,1.44761666666667,240.340722222222
"416",2008-02-04,1.13065138888889,240.255208333333
"417",2008-02-05,1.71698333333333,240.976916666667
"418",2008-02-06,1.15940277777778,238.413715277778
"419",2008-02-07,1.05438194444444,241.070548611111
"420",2008-02-08,1.35455833333333,240.433118055556
"421",2008-02-09,1.45991388888889,241.764506944444
"422",2008-02-10,1.5171625,241.275201388889
"423",2008-02-11,1.17501111111111,241.692194444444
"424",2008-02-12,1.38041527777778,239.509152777778
"425",2008-02-13,1.31979027777778,241.203097222222
"426",2008-02-14,1.11432083333333,240.764819444444
"427",2008-02-15,1.39250555555556,241.890604166667
"428",2008-02-16,1.629825,241.087555555556
"429",2008-02-17,1.34261666666667,242.469833333333
"430",2008-02-18,1.05166944444444,242.063930555556
"431",2008-02-19,1.477025,241.010131944444
"432",2008-02-20,1.56513194444444,241.6696875
"433",2008-02-21,1.13461805555556,240.750388888889
"434",2008-02-22,1.20316944444444,241.435763888889
"435",2008-02-23,NA,NA
"436",2008-02-24,0.87708888888889,240.377798611111
"437",2008-02-25,0.350338888888889,239.776006944444
"438",2008-02-26,0.352166666666667,239.533326388889
"439",2008-02-27,0.393555555555556,239.554020833333
"440",2008-02-28,0.3536,239.804270833333
"441",2008-02-29,0.925936111111112,238.038493055556
"442",2008-03-01,0.792969444444445,239.431513888889
"443",2008-03-02,0.807101388888889,239.746243055556
"444",2008-03-03,0.722604166666667,240.351986111111
"445",2008-03-04,1.15902083333333,241.026416666667
"446",2008-03-05,1.41472777777778,241.065243055556
"447",2008-03-06,1.73833888888889,240.429229166667
"448",2008-03-07,1.29371944444444,240.816069444444
"449",2008-03-08,1.56156944444445,241.590951388889
"450",2008-03-09,1.08365138888889,240.746381944444
"451",2008-03-10,1.1240875,241.727347222222
"452",2008-03-11,1.52780694444444,240.424152777778
"453",2008-03-12,1.23210555555556,241.057208333333
"454",2008-03-13,1.16355138888889,240.802625
"455",2008-03-14,1.534875,240.627368055556
"456",2008-03-15,1.09465277777778,240.197993055556
"457",2008-03-16,1.25136111111111,241.294666666667
"458",2008-03-17,1.18535972222222,240.805229166667
"459",2008-03-18,1.33164305555556,241.928986111111
"460",2008-03-19,0.908644444444444,242.402215277778
"461",2008-03-20,0.870329166666667,241.762583333333
"462",2008-03-21,1.43502916666667,241.369909722222
"463",2008-03-22,1.42605277777778,241.612152777778
"464",2008-03-23,1.61527083333333,242.652625
"465",2008-03-24,NA,NA
"466",2008-03-25,1.3999,242.138215277778
"467",2008-03-26,1.13435555555556,242.809798611111
"468",2008-03-27,0.951959722222222,242.095541666667
"469",2008-03-28,1.30932222222222,242.323340277778
"470",2008-03-29,1.71607638888889,241.253548611111
"471",2008-03-30,1.49055,241.163756944444
"472",2008-03-31,0.956645833333334,242.727041666667
"473",2008-04-01,1.47850833333333,241.615805555556
"474",2008-04-02,1.17477222222222,238.667159722222
"475",2008-04-03,0.783858333333334,240.694243055556
"476",2008-04-04,1.13327638888889,241.331055555556
"477",2008-04-05,1.36858472222222,240.558027777778
"478",2008-04-06,1.17799861111111,241.149604166667
"479",2008-04-07,1.0686375,243.228326388889
"480",2008-04-08,1.84549722222222,242.066583333333
"481",2008-04-09,0.846425,242.317708333333
"482",2008-04-10,1.0262125,241.949048611111
"483",2008-04-11,1.30393333333333,240.758375
"484",2008-04-12,1.94445416666667,241.063173611111
"485",2008-04-13,1.55068472222222,240.423326388889
"486",2008-04-14,1.10387638888889,242.314055555556
"487",2008-04-15,1.16000416666667,241.238743055556
"488",2008-04-16,1.03407222222222,241.744388888889
"489",2008-04-17,0.969348611111111,241.403597222222
"490",2008-04-18,1.29332638888889,240.641576388889
"491",2008-04-19,1.56507638888889,241.143180555556
"492",2008-04-20,1.24404027777778,241.432875
"493",2008-04-21,0.808441666666667,241.992493055556
"494",2008-04-22,1.13033055555556,240.959715277778
"495",2008-04-23,0.942588888888889,241.511340277778
"496",2008-04-24,0.724841666666666,240.605326388889
"497",2008-04-25,0.880370833333333,241.007152777778
"498",2008-04-26,0.627198611111111,240.7925625
"499",2008-04-27,0.700166666666667,240.907284722222
"500",2008-04-28,0.457675,240.978458333333
"501",2008-04-29,1.36987222222222,240.706902777778
"502",2008-04-30,0.7650875,241.433645833333
"503",2008-05-01,0.400009722222222,241.446263888889
"504",2008-05-02,1.04011666666667,241.648944444444
"505",2008-05-03,0.895555555555556,240.8336875
"506",2008-05-04,1.02150694444444,241.380479166667
"507",2008-05-05,0.949258333333333,240.736854166667
"508",2008-05-06,1.24304166666667,240.290319444444
"509",2008-05-07,0.81685,241.081263888889
"510",2008-05-08,1.46992916666667,239.851291666667
"511",2008-05-09,1.21338333333333,240.471222222222
"512",2008-05-10,1.32578333333333,240.086229166667
"513",2008-05-11,1.11869444444444,240.485597222222
"514",2008-05-12,1.058475,241.041625
"515",2008-05-13,1.02562083333333,240.3740625
"516",2008-05-14,1.10018194444444,240.708513888889
"517",2008-05-15,0.807477777777778,240.350395833333
"518",2008-05-16,NA,NA
"519",2008-05-17,1.15100972222222,239.472861111111
"520",2008-05-18,1.25274861111111,239.6826875
"521",2008-05-19,0.715459722222222,240.431875
"522",2008-05-20,1.09814861111111,241.019604166667
"523",2008-05-21,0.919522222222223,240.760513888889
"524",2008-05-22,0.678380555555556,239.500194444444
"525",2008-05-23,1.03119166666667,239.498854166667
"526",2008-05-24,1.09734444444445,240.724902777778
"527",2008-05-25,1.42257222222222,239.945645833333
"528",2008-05-26,0.895631944444444,240.3636875
"529",2008-05-27,1.18659722222222,239.390868055556
"530",2008-05-28,0.773869444444445,241.322694444444
"531",2008-05-29,0.788247222222222,237.675159722222
"532",2008-05-30,0.970308333333334,240.553694444444
"533",2008-05-31,1.13990972222222,240.654201388889
"534",2008-06-01,1.28394166666667,240.623180555556
"535",2008-06-02,0.745841666666667,236.369875
"536",2008-06-03,1.10959444444444,234.152208333333
"537",2008-06-04,1.10341111111111,234.706472222222
"538",2008-06-05,0.777831944444444,235.163826388889
"539",2008-06-06,0.845634722222222,239.7169375
"540",2008-06-07,1.30728055555556,238.984444444444
"541",2008-06-08,1.07105694444444,239.9649375
"542",2008-06-09,0.920623611111111,239.434680555556
"543",2008-06-10,0.741034722222222,239.978048611111
"544",2008-06-11,0.780004166666667,240.154472222222
"545",2008-06-12,0.874536111111111,239.690020833333
"546",2008-06-13,NA,NA
"547",2008-06-14,0.96175,240.014493055556
"548",2008-06-15,1.58965416666667,239.453729166667
"549",2008-06-16,0.904891666666667,240.433465277778
"550",2008-06-17,0.795197222222222,240.354430555556
"551",2008-06-18,1.31500555555555,239.739868055556
"552",2008-06-19,1.10283472222222,239.2726875
"553",2008-06-20,1.16396111111111,239.9391875
"554",2008-06-21,1.20434305555556,239.463409722222
"555",2008-06-22,1.08778888888889,239.044118055556
"556",2008-06-23,0.869302777777778,238.937652777778
"557",2008-06-24,1.21836944444444,237.915388888889
"558",2008-06-25,0.876229166666667,238.894902777778
"559",2008-06-26,0.733347222222222,239.351402777778
"560",2008-06-27,1.21885555555556,238.934986111111
"561",2008-06-28,0.839444444444445,239.142381944444
"562",2008-06-29,0.520383333333333,240.160645833333
"563",2008-06-30,0.558469444444444,240.376118055556
"564",2008-07-01,0.843916666666667,239.540291666667
"565",2008-07-02,0.796668055555556,238.961979166667
"566",2008-07-03,0.762749999999999,239.635493055556
"567",2008-07-04,0.654180555555556,240.179652777778
"568",2008-07-05,1.0202,239.564770833333
"569",2008-07-06,1.25351666666667,240.590229166667
"570",2008-07-07,0.682909722222222,239.633715277778
"571",2008-07-08,0.782093055555556,239.700625
"572",2008-07-09,0.638415277777778,240.329576388889
"573",2008-07-10,0.868941666666667,239.867756944444
"574",2008-07-11,0.870983333333334,239.516909722222
"575",2008-07-12,0.922813888888889,240.059277777778
"576",2008-07-13,NA,NA
"577",2008-07-14,0.790226388888889,240.4941875
"578",2008-07-15,0.802680555555556,239.781444444444
"579",2008-07-16,0.747959722222222,240.593381944444
"580",2008-07-17,0.916056944444445,239.917034722222
"581",2008-07-18,0.8761,239.5771875
"582",2008-07-19,0.933343055555557,239.151118055556
"583",2008-07-20,0.653843055555556,239.777694444444
"584",2008-07-21,0.803109722222222,239.101694444444
"585",2008-07-22,0.514056944444444,239.670305555556
"586",2008-07-23,0.654604166666667,240.096118055556
"587",2008-07-24,0.759340277777778,239.883763888889
"588",2008-07-25,0.601065277777778,239.057215277778
"589",2008-07-26,0.566447222222222,240.028694444444
"590",2008-07-27,0.796802777777778,238.471159722222
"591",2008-07-28,0.573475,239.993694444444
"592",2008-07-29,0.810109722222222,240.248881944444
"593",2008-07-30,0.902713888888889,239.085590277778
"594",2008-07-31,0.967109722222222,240.095673611111
"595",2008-08-01,0.513594444444444,239.8054375
"596",2008-08-02,0.351233333333333,239.128729166667
"597",2008-08-03,0.350543055555556,237.0544375
"598",2008-08-04,NA,NA
"599",2008-08-05,0.574387500000001,238.736458333333
"600",2008-08-06,0.226466666666667,240.565826388889
"601",2008-08-07,0.232558333333333,239.312326388889
"602",2008-08-08,0.209861111111111,239.456541666667
"603",2008-08-09,0.249252777777778,240.710458333333
"604",2008-08-10,0.244466666666667,240.264888888889
"605",2008-08-11,0.258275,240.718326388889
"606",2008-08-12,0.200683333333333,240.048284722222
"607",2008-08-13,0.196238888888889,240.871513888889
"608",2008-08-14,0.187679166666667,241.140881944444
"609",2008-08-15,0.1900375,241.158166666667
"610",2008-08-16,0.190843055555556,242.095347222222
"611",2008-08-17,0.190830555555556,241.183451388889
"612",2008-08-18,0.190109722222222,241.355840277778
"613",2008-08-19,0.190758333333333,240.894736111111
"614",2008-08-20,0.186438888888889,241.543708333333
"615",2008-08-21,0.181456944444444,240.295666666667
"616",2008-08-22,0.185502777777778,240.882243055556
"617",2008-08-23,0.176834722222222,242.142659722222
"618",2008-08-24,0.176886111111111,241.613416666667
"619",2008-08-25,0.173818055555556,241.473972222222
"620",2008-08-26,0.178863888888889,241.119548611111
"621",2008-08-27,0.179245833333333,240.576465277778
"622",2008-08-28,0.186281944444444,240.542652777778
"623",2008-08-29,0.185825,240.335451388889
"624",2008-08-30,0.187794444444444,240.513993055556
"625",2008-08-31,NA,NA
"626",2008-09-01,0.866326388888889,239.915909722222
"627",2008-09-02,0.961218055555555,239.328965277778
"628",2008-09-03,0.96422638888889,240.029458333333
"629",2008-09-04,0.850847222222222,238.663493055556
"630",2008-09-05,0.606916666666667,239.590590277778
"631",2008-09-06,1.29762083333333,239.339777777778
"632",2008-09-07,0.953233333333333,240.5886875
"633",2008-09-08,0.909252777777778,241.381826388889
"634",2008-09-09,0.805315277777778,239.781666666667
"635",2008-09-10,0.903308333333333,239.480583333333
"636",2008-09-11,0.714384722222222,239.099805555556
"637",2008-09-12,0.967195833333333,239.9683125
"638",2008-09-13,1.13294166666667,240.124548611111
"639",2008-09-14,1.09467083333333,239.888986111111
"640",2008-09-15,1.17896388888889,240.255909722222
"641",2008-09-16,0.848515277777778,240.94875
"642",2008-09-17,1.05500694444444,240.656673611111
"643",2008-09-18,1.04534027777778,240.327138888889
"644",2008-09-19,1.05475416666667,240.357111111111
"645",2008-09-20,0.905972222222222,240.594118055556
"646",2008-09-21,1.06463194444444,240.940159722222
"647",2008-09-22,0.943447222222222,240.209159722222
"648",2008-09-23,0.856102777777778,240.183361111111
"649",2008-09-24,1.19329861111111,240.125791666667
"650",2008-09-25,0.785569444444445,240.290326388889
"651",2008-09-26,0.994062499999999,240.393625
"652",2008-09-27,1.47739305555556,240.146479166667
"653",2008-09-28,1.20215555555556,240.278416666667
"654",2008-09-29,1.04287361111111,240.264020833333
"655",2008-09-30,0.954865277777778,240.583770833333
"656",2008-10-01,1.30025277777778,241.128611111111
"657",2008-10-02,0.934265277777778,240.328243055556
"658",2008-10-03,1.11984722222222,239.842006944444
"659",2008-10-04,1.45867777777778,240.174402777778
"660",2008-10-05,1.07635416666667,240.137541666667
"661",2008-10-06,0.988737500000001,239.119076388889
"662",2008-10-07,1.19900555555556,238.852868055556
"663",2008-10-08,1.29206666666667,240.049013888889
"664",2008-10-09,1.37755694444444,239.275423611111
"665",2008-10-10,1.05440138888889,239.634854166667
"666",2008-10-11,1.15929583333333,239.182618055556
"667",2008-10-12,1.32495833333333,240.151541666667
"668",2008-10-13,1.01526111111111,240.809423611111
"669",2008-10-14,1.1174,239.215729166667
"670",2008-10-15,1.49784444444444,239.506791666667
"671",2008-10-16,1.09977777777778,239.262847222222
"672",2008-10-17,1.29644861111111,240.047625
"673",2008-10-18,1.55499305555555,239.835430555556
"674",2008-10-19,1.36939861111111,240.042548611111
"675",2008-10-20,1.15802361111111,240.432493055556
"676",2008-10-21,1.43313611111111,239.7306875
"677",2008-10-22,1.1430625,240.815763888889
"678",2008-10-23,1.27117638888889,240.399041666667
"679",2008-10-24,1.48140694444444,240.413694444444
"680",2008-10-25,NA,NA
"681",2008-10-26,0.363536111111111,242.123465277778
"682",2008-10-27,0.363813888888889,242.228055555556
"683",2008-10-28,0.921729166666665,241.326791666667
"684",2008-10-29,1.11984444444444,241.789597222222
"685",2008-10-30,0.762916666666667,242.083291666667
"686",2008-10-31,0.892938888888889,241.329770833333
"687",2008-11-01,0.576734722222222,241.810236111111
"688",2008-11-02,0.632370833333333,242.155743055556
"689",2008-11-03,0.588611111111111,241.765118055556
"690",2008-11-04,1.08494166666667,240.802444444444
"691",2008-11-05,2.17703472222222,239.480770833333
"692",2008-11-06,1.10308194444444,240.390215277778
"693",2008-11-07,1.12443333333333,239.751784722222
"694",2008-11-08,1.20356805555556,239.308027777778
"695",2008-11-09,1.79065138888889,238.454069444444
"696",2008-11-10,NA,NA
"697",2008-11-11,1.70552083333333,239.878694444444
"698",2008-11-12,NA,NA
"699",2008-11-13,0.860041666666667,241.597923611111
"700",2008-11-14,1.12620694444444,241.021819444444
"701",2008-11-15,2.10529722222222,238.634118055556
"702",2008-11-16,1.64266111111111,240.494138888889
"703",2008-11-17,1.05808055555556,241.134930555556
"704",2008-11-18,1.21461805555556,239.902041666667
"705",2008-11-19,1.27794305555556,240.539618055556
"706",2008-11-20,1.17523333333333,239.818118055556
"707",2008-11-21,1.16245138888889,239.928333333333
"708",2008-11-22,1.18845,239.7318125
"709",2008-11-23,NA,NA
"710",2008-11-24,2.23124861111111,240.359486111111
"711",2008-11-25,1.87697916666667,240.930604166667
"712",2008-11-26,1.05274583333333,242.400895833333
"713",2008-11-27,1.64042916666667,241.440013888889
"714",2008-11-28,1.30969722222222,243.066513888889
"715",2008-11-29,1.69074166666667,241.240756944444
"716",2008-11-30,1.66763055555556,242.3745625
"717",2008-12-01,1.12259583333333,243.445840277778
"718",2008-12-02,1.24544722222222,243.379368055556
"719",2008-12-03,1.21886388888889,243.383729166667
"720",2008-12-04,1.2073875,243.463138888889
"721",2008-12-05,1.42959583333333,242.975909722222
"722",2008-12-06,1.75266388888889,241.1365625
"723",2008-12-07,1.71301388888889,242.238541666667
"724",2008-12-08,1.29766388888889,243.731618055556
"725",2008-12-09,1.39107222222222,243.555652777778
"726",2008-12-10,NA,NA
"727",2008-12-11,0.994806944444444,243.418361111111
"728",2008-12-12,1.2607875,243.043020833333
"729",2008-12-13,1.26775972222222,241.538548611111
"730",2008-12-14,1.39036111111111,241.622798611111
"731",2008-12-15,1.24684027777778,243.039201388889
"732",2008-12-16,1.24797916666667,243.879902777778
"733",2008-12-17,1.45749027777778,243.313513888889
"734",2008-12-18,1.20620833333333,242.8590625
"735",2008-12-19,1.30702222222222,241.866173611111
"736",2008-12-20,NA,NA
"737",2008-12-21,1.83584027777778,241.720083333333
"738",2008-12-22,1.39986666666667,241.864493055556
"739",2008-12-23,1.24867222222222,241.770548611111
"740",2008-12-24,0.881693055555556,243.960625
"741",2008-12-25,0.7368875,243.2330625
"742",2008-12-26,0.849813888888889,244.353659722222
"743",2008-12-27,2.06400277777778,243.311895833333
"744",2008-12-28,1.09072361111111,244.560381944444
"745",2008-12-29,0.385609722222222,244.954756944444
"746",2008-12-30,0.830026388888889,244.638166666667
"747",2008-12-31,1.36401944444444,243.296618055556
"748",2009-01-01,0.976869444444444,242.8360625
"749",2009-01-02,1.61632638888889,242.704888888889
"750",2009-01-03,1.32881666666667,243.681458333333
"751",2009-01-04,1.34721805555556,244.822430555556
"752",2009-01-05,1.11388888888889,244.830777777778
"753",2009-01-06,1.17351527777778,245.092666666667
"754",2009-01-07,1.44463333333333,246.040638888889
"755",2009-01-08,1.13421527777778,245.350736111111
"756",2009-01-09,1.24215416666667,244.622409722222
"757",2009-01-10,1.46038055555556,244.120486111111
"758",2009-01-11,1.37221388888889,245.531548611111
"759",2009-01-12,1.10366527777778,245.527069444444
"760",2009-01-13,1.51569444444445,244.458340277778
"761",2009-01-14,NA,NA
"762",2009-01-15,1.08615833333333,243.021277777778
"763",2009-01-16,1.92121805555556,242.568972222222
"764",2009-01-17,2.30404166666667,241.631541666667
"765",2009-01-18,2.1904125,242.644083333333
"766",2009-01-19,1.1804625,243.126173611111
"767",2009-01-20,1.20696388888889,243.399854166667
"768",2009-01-21,1.20794027777778,244.1051875
"769",2009-01-22,0.859275,244.006354166667
"770",2009-01-23,1.32676111111111,242.768951388889
"771",2009-01-24,1.5283125,243.250756944444
"772",2009-01-25,1.97476666666667,242.543993055556
"773",2009-01-26,1.16282777777778,243.200270833333
"774",2009-01-27,0.989604166666667,243.937604166667
"775",2009-01-28,1.89009305555556,243.032222222222
"776",2009-01-29,1.09284583333333,243.362847222222
"777",2009-01-30,1.4298875,244.289833333333
"778",2009-01-31,2.30059166666667,242.471381944444
"779",2009-02-01,NA,NA
"780",2009-02-02,1.11340277777778,244.874826388889
"781",2009-02-03,1.29749305555556,244.302722222222
"782",2009-02-04,1.708975,244.686694444444
"783",2009-02-05,1.1452,243.8550625
"784",2009-02-06,1.42249722222222,243.288930555556
"785",2009-02-07,2.17467777777778,242.050923611111
"786",2009-02-08,1.51587916666667,243.354569444444
"787",2009-02-09,1.18516527777778,243.321986111111
"788",2009-02-10,1.34987638888889,243.157770833333
"789",2009-02-11,1.83290972222222,242.0975625
"790",2009-02-12,1.367125,242.911527777778
"791",2009-02-13,1.17362638888889,241.693333333333
"792",2009-02-14,NA,NA
"793",2009-02-15,1.10141111111111,242.8439375
"794",2009-02-16,0.915968055555555,242.143006944444
"795",2009-02-17,NA,NA
"796",2009-02-18,0.573923611111111,242.231097222222
"797",2009-02-19,0.511991666666667,241.549590277778
"798",2009-02-20,1.30606666666667,240.190708333333
"799",2009-02-21,0.914016666666666,240.954340277778
"800",2009-02-22,1.55449861111111,241.316305555556
"801",2009-02-23,1.89837222222222,241.240881944444
"802",2009-02-24,1.23829444444444,240.887923611111
"803",2009-02-25,0.812391666666667,241.201965277778
"804",2009-02-26,0.803369444444444,240.732368055556
"805",2009-02-27,1.40897083333333,240.9656875
"806",2009-02-28,1.13246527777778,242.397277777778
"807",2009-03-01,NA,NA
"808",2009-03-02,1.02600138888889,242.241847222222
"809",2009-03-03,1.28399444444444,242.897354166667
"810",2009-03-04,1.27925694444444,242.384486111111
"811",2009-03-05,1.00125833333333,241.679604166667
"812",2009-03-06,1.23852361111111,240.7933125
"813",2009-03-07,1.17810138888889,242.471645833333
"814",2009-03-08,1.63692083333333,242.159791666667
"815",2009-03-09,1.170525,242.482305555556
"816",2009-03-10,1.27514583333333,241.8284375
"817",2009-03-11,1.67076666666667,241.821173611111
"818",2009-03-12,1.31059722222222,241.998423611111
"819",2009-03-13,1.00383333333333,242.757305555556
"820",2009-03-14,1.49238055555555,242.178805555556
"821",2009-03-15,1.34865416666667,241.771111111111
"822",2009-03-16,NA,NA
"823",2009-03-17,1.34160416666667,241.956423611111
"824",2009-03-18,1.00741666666667,242.840618055556
"825",2009-03-19,0.827452777777778,242.776277777778
"826",2009-03-20,1.01660138888889,242.916486111111
"827",2009-03-21,1.34029305555556,242.582722222222
"828",2009-03-22,1.17303472222222,241.527611111111
"829",2009-03-23,0.9003125,242.053652777778
"830",2009-03-24,1.15396666666667,242.484097222222
"831",2009-03-25,1.27692638888889,243.1130625
"832",2009-03-26,0.840975,242.935756944444
"833",2009-03-27,1.19022638888889,242.628645833333
"834",2009-03-28,1.57012222222222,242.135618055556
"835",2009-03-29,1.53934027777778,242.548569444444
"836",2009-03-30,1.02600833333333,242.728520833333
"837",2009-03-31,1.26630694444444,242.167902777778
"838",2009-04-01,1.13968055555556,242.906034722222
"839",2009-04-02,1.14189861111111,242.239638888889
"840",2009-04-03,0.946708333333334,241.811888888889
"841",2009-04-04,1.52168888888889,241.450652777778
"842",2009-04-05,0.955358333333333,242.313708333333
"843",2009-04-06,1.00877361111111,242.301145833333
"844",2009-04-07,1.00006388888889,241.989416666667
"845",2009-04-08,1.06569444444444,242.259729166667
"846",2009-04-09,1.31282777777778,242.296826388889
"847",2009-04-10,1.27924583333333,242.034486111111
"848",2009-04-11,1.71003194444444,240.969256944444
"849",2009-04-12,1.48681388888889,240.403298611111
"850",2009-04-13,NA,NA
"851",2009-04-14,1.04273472222222,241.492326388889
"852",2009-04-15,0.8444875,241.320708333333
"853",2009-04-16,1.086475,240.476041666667
"854",2009-04-17,1.41861805555556,241.327729166667
"855",2009-04-18,1.05018472222222,241.04625
"856",2009-04-19,0.893380555555555,242.658534722222
"857",2009-04-20,1.03229861111111,241.904555555556
"858",2009-04-21,1.31569305555556,240.648465277778
"859",2009-04-22,1.03902638888889,241.274854166667
"860",2009-04-23,0.792680555555555,241.494638888889
"861",2009-04-24,0.8292,241.790083333333
"862",2009-04-25,1.40436388888889,240.508333333333
"863",2009-04-26,1.23724027777778,241.864923611111
"864",2009-04-27,0.938630555555555,241.001229166667
"865",2009-04-28,1.18499027777778,241.990125
"866",2009-04-29,1.15602777777778,242.186541666667
"867",2009-04-30,1.27414027777778,241.904333333333
"868",2009-05-01,1.05055694444444,241.273090277778
"869",2009-05-02,0.967993055555556,241.882902777778
"870",2009-05-03,1.11727638888889,242.066333333333
"871",2009-05-04,1.15825138888889,241.435229166667
"872",2009-05-05,1.2024125,240.818493055556
"873",2009-05-06,0.937431944444444,240.896715277778
"874",2009-05-07,0.703227777777778,241.173513888889
"875",2009-05-08,1.28969166666667,240.8248125
"876",2009-05-09,0.875938888888889,241.574229166667
"877",2009-05-10,NA,NA
"878",2009-05-11,1.05359444444444,240.251326388889
"879",2009-05-12,1.12913611111111,240.376777777778
"880",2009-05-13,0.865554166666667,240.635979166667
"881",2009-05-14,1.11596111111111,240.059520833333
"882",2009-05-15,0.987656944444445,240.957201388889
"883",2009-05-16,1.3940125,239.988756944444
"884",2009-05-17,1.07205833333333,240.300729166667
"885",2009-05-18,0.8402125,240.958673611111
"886",2009-05-19,1.12315555555556,240.9929375
"887",2009-05-20,0.907751388888889,241.319708333333
"888",2009-05-21,1.09385416666667,241.019104166667
"889",2009-05-22,0.746393055555555,241.966534722222
"890",2009-05-23,1.06291527777778,240.568416666667
"891",2009-05-24,0.894295833333334,242.017965277778
"892",2009-05-25,0.940344444444445,238.430902777778
"893",2009-05-26,NA,NA
"894",2009-05-27,1.072425,231.142972222222
"895",2009-05-28,0.819261111111111,233.702361111111
"896",2009-05-29,0.8630875,241.558701388889
"897",2009-05-30,1.15215694444444,241.163409722222
"898",2009-05-31,0.664506944444445,241.456145833333
"899",2009-06-01,1.00226388888889,241.334125
"900",2009-06-02,0.7573875,241.630298611111
"901",2009-06-03,0.942068055555555,240.405923611111
"902",2009-06-04,0.719208333333333,240.010201388889
"903",2009-06-05,0.854416666666667,239.863208333333
"904",2009-06-06,1.02461805555556,240.581840277778
"905",2009-06-07,0.838466666666667,241.0185625
"906",2009-06-08,0.818594444444444,240.064729166667
"907",2009-06-09,0.925590277777778,240.923513888889
"908",2009-06-10,1.11319166666667,240.716083333333
"909",2009-06-11,0.903229166666667,241.176055555556
"910",2009-06-12,0.765091666666667,240.937340277778
"911",2009-06-13,NA,NA
"912",2009-06-14,NA,NA
"913",2009-06-15,NA,NA
"914",2009-06-16,1.04777222222222,240.831180555556
"915",2009-06-17,0.686122222222222,241.295506944444
"916",2009-06-18,0.809513888888889,241.296222222222
"917",2009-06-19,0.754768055555556,241.317583333333
"918",2009-06-20,0.768819444444445,241.484583333333
"919",2009-06-21,0.593848611111111,241.286756944444
"920",2009-06-22,0.759790277777778,241.202291666667
"921",2009-06-23,0.721676388888889,241.213263888889
"922",2009-06-24,1.06588472222222,240.537180555556
"923",2009-06-25,0.535668055555556,241.177951388889
"924",2009-06-26,0.887029166666666,240.540770833333
"925",2009-06-27,1.18684166666667,241.814145833333
"926",2009-06-28,0.735690277777778,241.838430555556
"927",2009-06-29,0.701481944444445,241.893826388889
"928",2009-06-30,0.8280875,241.943604166667
"929",2009-07-01,0.846070833333333,241.809298611111
"930",2009-07-02,0.862901388888889,241.966743055556
"931",2009-07-03,0.600102777777778,241.923347222222
"932",2009-07-04,0.860116666666667,241.147465277778
"933",2009-07-05,0.979677777777778,241.444576388889
"934",2009-07-06,0.662680555555556,241.763472222222
"935",2009-07-07,0.770927777777777,241.641006944444
"936",2009-07-08,0.857222222222222,241.60375
"937",2009-07-09,0.587675,242.591125
"938",2009-07-10,NA,NA
"939",2009-07-11,0.690255555555556,242.214791666667
"940",2009-07-12,0.356581944444444,242.3049375
"941",2009-07-13,0.3449625,242.547513888889
"942",2009-07-14,0.6329375,242.205388888889
"943",2009-07-15,0.4986625,241.926895833333
"944",2009-07-16,0.416356944444444,242.116979166667
"945",2009-07-17,0.5082,241.594618055556
"946",2009-07-18,0.671118055555555,242.006277777778
"947",2009-07-19,0.835863888888889,242.046604166667
"948",2009-07-20,0.460059722222222,241.841861111111
"949",2009-07-21,0.5651125,242.522875
"950",2009-07-22,0.513563888888889,242.079416666667
"951",2009-07-23,0.715277777777778,241.943319444444
"952",2009-07-24,0.390095833333333,241.750826388889
"953",2009-07-25,0.3727,242.097069444444
"954",2009-07-26,0.377094444444444,242.657402777778
"955",2009-07-27,0.478170833333333,242.528090277778
"956",2009-07-28,0.626979166666667,242.221409722222
"957",2009-07-29,0.626388888888889,241.500472222222
"958",2009-07-30,0.550226388888889,242.439013888889
"959",2009-07-31,0.677659722222222,241.8710625
"960",2009-08-01,0.490948611111111,241.503006944444
"961",2009-08-02,0.340086111111111,240.941597222222
"962",2009-08-03,0.347429166666667,241.920069444444
"963",2009-08-04,0.353397222222222,242.276486111111
"964",2009-08-05,0.360175,242.307576388889
"965",2009-08-06,0.369911111111111,241.22875
"966",2009-08-07,0.374511111111111,241.357798611111
"967",2009-08-08,0.365605555555555,241.727097222222
"968",2009-08-09,0.693218055555556,242.049416666667
"969",2009-08-10,0.742609722222223,241.0285
"970",2009-08-11,0.660384722222222,241.841493055556
"971",2009-08-12,0.572525,241.808277777778
"972",2009-08-13,NA,NA
"973",2009-08-14,0.519913888888889,241.179576388889
"974",2009-08-15,1.05143194444444,240.896347222222
"975",2009-08-16,0.845633333333333,240.520847222222
"976",2009-08-17,0.545769444444444,241.220444444444
"977",2009-08-18,0.750415277777778,240.826486111111
"978",2009-08-19,0.611626388888889,241.541569444444
"979",2009-08-20,0.538695833333333,241.085618055556
"980",2009-08-21,0.806768055555556,240.611756944444
"981",2009-08-22,1.0755125,241.123236111111
"982",2009-08-23,0.740769444444445,241.555472222222
"983",2009-08-24,0.869620833333333,241.065534722222
"984",2009-08-25,0.655284722222222,241.509861111111
"985",2009-08-26,0.789268055555555,241.777458333333
"986",2009-08-27,0.5204625,241.638125
"987",2009-08-28,0.776973611111111,240.8744375
"988",2009-08-29,0.964176388888889,240.975326388889
"989",2009-08-30,1.15857083333333,241.081256944444
"990",2009-08-31,0.878834722222222,238.742902777778
"991",2009-09-01,0.680927777777778,241.221104166667
"992",2009-09-02,0.849176388888889,241.817770833333
"993",2009-09-03,0.868880555555556,241.330069444444
"994",2009-09-04,0.711380555555556,242.012875
"995",2009-09-05,1.05129583333333,240.860277777778
"996",2009-09-06,0.853215277777778,241.860319444444
"997",2009-09-07,0.848234722222223,241.711618055556
"998",2009-09-08,0.754343055555555,241.351604166667
"999",2009-09-09,1.05648888888889,241.308506944444
"1000",2009-09-10,0.772468055555556,241.228951388889
"1001",2009-09-11,0.843156944444444,241.149993055556
"1002",2009-09-12,1.43358194444444,240.707048611111
"1003",2009-09-13,NA,NA
"1004",2009-09-14,1.09365138888889,241.476958333333
"1005",2009-09-15,1.01167083333333,240.992381944444
"1006",2009-09-16,1.21052916666667,240.231291666667
"1007",2009-09-17,0.849601388888889,241.360652777778
"1008",2009-09-18,0.954188888888889,241.099201388889
"1009",2009-09-19,1.48313194444445,240.354013888889
"1010",2009-09-20,1.41342222222222,241.295444444444
"1011",2009-09-21,0.984630555555555,241.2526875
"1012",2009-09-22,0.86565,241.182027777778
"1013",2009-09-23,1.13653472222222,240.746604166667
"1014",2009-09-24,0.990456944444444,240.387236111111
"1015",2009-09-25,0.806261111111111,241.422923611111
"1016",2009-09-26,1.08073194444444,241.178506944444
"1017",2009-09-27,0.979494444444445,241.221805555556
"1018",2009-09-28,0.9024,241.726340277778
"1019",2009-09-29,0.796109722222222,240.897347222222
"1020",2009-09-30,NA,NA
"1021",2009-10-01,0.893925,241.529520833333
"1022",2009-10-02,0.800463888888889,240.758881944444
"1023",2009-10-03,1.19218055555556,240.636354166667
"1024",2009-10-04,1.12576805555556,240.698861111111
"1025",2009-10-05,0.885779166666667,241.220520833333
"1026",2009-10-06,0.991977777777778,241.180048611111
"1027",2009-10-07,1.2651625,241.211958333333
"1028",2009-10-08,1.09525416666667,241.069777777778
"1029",2009-10-09,0.938793055555555,240.810152777778
"1030",2009-10-10,1.39774722222222,239.761395833333
"1031",2009-10-11,NA,NA
"1032",2009-10-12,0.938613888888889,240.223826388889
"1033",2009-10-13,1.00631944444444,240.247284722222
"1034",2009-10-14,1.18835,239.759465277778
"1035",2009-10-15,1.03470555555556,241.122131944444
"1036",2009-10-16,1.053375,240.246
"1037",2009-10-17,1.90422222222222,238.8905625
"1038",2009-10-18,1.08066944444444,240.750840277778
"1039",2009-10-19,0.950769444444444,242.260243055556
"1040",2009-10-20,1.19639444444444,242.527506944444
"1041",2009-10-21,1.3677125,242.307013888889
"1042",2009-10-22,0.972020833333333,242.413958333333
"1043",2009-10-23,1.22045138888889,241.096284722222
"1044",2009-10-24,1.81556111111111,239.8931875
"1045",2009-10-25,1.67120555555556,239.925548611111
"1046",2009-10-26,0.772461111111111,241.530430555556
"1047",2009-10-27,0.775525,241.242763888889
"1048",2009-10-28,0.881047222222222,241.408152777778
"1049",2009-10-29,1.376,240.346861111111
"1050",2009-10-30,1.03705416666667,241.480333333333
"1051",2009-10-31,1.3027375,240.5190625
"1052",2009-11-01,1.27997777777778,240.924166666667
"1053",2009-11-02,1.04460138888889,241.284604166667
"1054",2009-11-03,1.57408888888889,241.141930555556
"1055",2009-11-04,1.25125,242.078131944444
"1056",2009-11-05,1.08365694444444,241.665277777778
"1057",2009-11-06,0.965590277777778,242.568159722222
"1058",2009-11-07,1.08137222222222,241.878583333333
"1059",2009-11-08,1.74166805555555,243.250395833333
"1060",2009-11-09,NA,NA
"1061",2009-11-10,1.11540555555556,242.500979166667
"1062",2009-11-11,1.417,242.371354166667
"1063",2009-11-12,1.01601805555556,242.206673611111
"1064",2009-11-13,1.06453194444444,241.235708333333
"1065",2009-11-14,1.77809444444444,240.222402777778
"1066",2009-11-15,1.36618611111111,240.325368055556
"1067",2009-11-16,1.05171388888889,241.884875
"1068",2009-11-17,1.18631527777778,242.660597222222
"1069",2009-11-18,1.83275972222222,241.296666666667
"1070",2009-11-19,1.0242,242.975069444444
"1071",2009-11-20,1.36181666666667,241.582368055556
"1072",2009-11-21,1.73392777777778,240.620868055556
"1073",2009-11-22,1.70206666666667,241.077701388889
"1074",2009-11-23,1.0216125,242.742715277778
"1075",2009-11-24,1.47837222222222,241.976527777778
"1076",2009-11-25,1.37509027777778,241.178784722222
"1077",2009-11-26,1.11085138888889,242.643465277778
"1078",2009-11-27,0.958351388888889,241.858819444444
"1079",2009-11-28,1.2909375,241.596451388889
"1080",2009-11-29,1.14650138888889,243.308722222222
"1081",2009-11-30,1.2119375,243.764305555556
"1082",2009-12-01,1.21970694444444,242.633152777778
"1083",2009-12-02,1.62893611111111,241.6693125
"1084",2009-12-03,1.02756111111111,243.284097222222
"1085",2009-12-04,1.18839861111111,243.385701388889
"1086",2009-12-05,1.63316805555556,241.298756944444
"1087",2009-12-06,1.65158888888889,241.269270833333
"1088",2009-12-07,1.21016527777778,242.543597222222
"1089",2009-12-08,1.39366944444444,243.731076388889
"1090",2009-12-09,1.25163611111111,242.407319444444
"1091",2009-12-10,NA,NA
"1092",2009-12-11,1.23920972222222,244.291118055556
"1093",2009-12-12,1.261375,244.938951388889
"1094",2009-12-13,1.4852875,244.497597222222
"1095",2009-12-14,1.24643194444444,246.1488125
"1096",2009-12-15,1.34730277777778,246.043180555556
"1097",2009-12-16,0.9686625,247.215868055556
"1098",2009-12-17,1.1924875,246.894131944444
"1099",2009-12-18,1.21160138888889,246.594854166667
"1100",2009-12-19,1.5307875,245.934541666667
"1101",2009-12-20,0.794559722222222,247.435006944444
"1102",2009-12-21,1.41317083333333,246.409215277778
"1103",2009-12-22,1.31112638888889,245.7384375
"1104",2009-12-23,1.01055555555556,246.878965277778
"1105",2009-12-24,2.01798194444444,245.835118055556
"1106",2009-12-25,1.47753333333333,243.588298611111
"1107",2009-12-26,1.51640138888889,242.465715277778
"1108",2009-12-27,1.52461944444444,242.666041666667
"1109",2009-12-28,1.45423472222222,243.777611111111
"1110",2009-12-29,1.4222,243.183013888889
"1111",2009-12-30,1.70215972222222,241.052229166667
"1112",2009-12-31,1.53603611111111,240.958819444444
"1113",2010-01-01,0.850175,242.565722222222
"1114",2010-01-02,NA,NA
"1115",2010-01-03,1.44684305555556,243.744527777778
"1116",2010-01-04,1.11398055555556,245.699118055556
"1117",2010-01-05,1.54151388888889,244.521034722222
"1118",2010-01-06,1.23415277777778,245.2348125
"1119",2010-01-07,1.22877916666667,244.9085625
"1120",2010-01-08,1.24806111111111,244.4048125
"1121",2010-01-09,1.62284722222222,243.869736111111
"1122",2010-01-10,1.74199027777778,243.840618055556
"1123",2010-01-11,1.05464166666667,246.069111111111
"1124",2010-01-12,NA,NA
"1125",2010-01-13,NA,NA
"1126",2010-01-14,NA,NA
"1127",2010-01-15,1.52552777777778,243.725763888889
"1128",2010-01-16,1.49313333333333,243.045236111111
"1129",2010-01-17,1.32399722222222,242.543006944444
"1130",2010-01-18,1.30631805555556,243.636368055556
"1131",2010-01-19,1.68993611111111,243.023111111111
"1132",2010-01-20,1.63314444444444,242.7604375
"1133",2010-01-21,1.48462222222222,242.95125
"1134",2010-01-22,1.24349027777778,241.850173611111
"1135",2010-01-23,NA,NA
"1136",2010-01-24,1.57598611111111,241.746173611111
"1137",2010-01-25,1.34063194444444,242.898611111111
"1138",2010-01-26,1.43580833333333,243.339479166667
"1139",2010-01-27,1.91729305555556,241.986104166667
"1140",2010-01-28,1.46544027777778,243.249034722222
"1141",2010-01-29,1.45346527777778,243.632805555556
"1142",2010-01-30,1.97411666666667,242.079395833333
"1143",2010-01-31,1.24944166666667,243.402638888889
"1144",2010-02-01,1.17623472222222,243.631743055556
"1145",2010-02-02,1.49821666666667,243.332819444444
"1146",2010-02-03,2.01598194444444,242.388076388889
"1147",2010-02-04,1.60852083333333,242.100791666667
"1148",2010-02-05,1.45756388888889,241.941263888889
"1149",2010-02-06,1.88401805555556,241.092069444444
"1150",2010-02-07,1.12896388888889,242.684472222222
"1151",2010-02-08,1.79322083333333,241.996777777778
"1152",2010-02-09,1.68120277777778,243.150368055556
"1153",2010-02-10,NA,NA
"1154",2010-02-11,0.951227777777778,244.512381944444
"1155",2010-02-12,1.31458194444444,243.626291666667
"1156",2010-02-13,1.633025,242.889090277778
"1157",2010-02-14,NA,NA
"1158",2010-02-15,1.45634166666667,243.446777777778
"1159",2010-02-16,1.24844166666667,243.753763888889
"1160",2010-02-17,1.42677777777778,242.346819444444
"1161",2010-02-18,1.223025,243.588194444444
"1162",2010-02-19,1.35664722222222,241.707402777778
"1163",2010-02-20,1.37758888888889,241.788965277778
"1164",2010-02-21,1.90299583333333,240.625375
"1165",2010-02-22,1.02363611111111,240.579493055556
"1166",2010-02-23,1.01477777777778,241.984680555556
"1167",2010-02-24,1.32935972222222,241.465798611111
"1168",2010-02-25,1.30569722222222,240.983166666667
"1169",2010-02-26,1.47233055555556,240.425631944444
"1170",2010-02-27,1.22573333333333,241.544458333333
"1171",2010-02-28,0.4942125,242.567465277778
"1172",2010-03-01,0.901894444444445,241.822777777778
"1173",2010-03-02,0.532573611111111,241.752055555556
"1174",2010-03-03,0.649884722222222,241.2114375
"1175",2010-03-04,0.474222222222222,242.992291666667
"1176",2010-03-05,0.787309722222222,243.4863125
"1177",2010-03-06,0.551883333333333,243.031256944444
"1178",2010-03-07,0.953105555555555,243.551743055556
"1179",2010-03-08,1.7757625,243.774583333333
"1180",2010-03-09,1.2223,243.5275
"1181",2010-03-10,1.26571666666667,243.565791666667
"1182",2010-03-11,1.35492361111111,242.681444444444
"1183",2010-03-12,1.14265555555556,243.013534722222
"1184",2010-03-13,1.65486805555556,241.9969375
"1185",2010-03-14,1.08799583333333,241.9863125
"1186",2010-03-15,1.24434027777778,242.29575
"1187",2010-03-16,1.07128472222222,241.540076388889
"1188",2010-03-17,1.39522916666667,241.641333333333
"1189",2010-03-18,1.08519583333333,241.502263888889
"1190",2010-03-19,1.15512777777778,241.424465277778
"1191",2010-03-20,NA,NA
"1192",2010-03-21,NA,NA
"1193",2010-03-22,1.12402083333333,241.358791666667
"1194",2010-03-23,1.26539027777778,241.166298611111
"1195",2010-03-24,1.38524444444444,240.724673611111
"1196",2010-03-25,1.16658611111111,242.265152777778
"1197",2010-03-26,1.146725,241.504027777778
"1198",2010-03-27,1.2833125,240.412569444444
"1199",2010-03-28,1.24875972222222,241.373555555556
"1200",2010-03-29,1.12690138888889,241.521583333333
"1201",2010-03-30,1.32392638888889,241.084618055556
"1202",2010-03-31,1.33597361111111,240.194173611111
"1203",2010-04-01,1.17183333333333,241.754159722222
"1204",2010-04-02,1.14487638888889,242.773520833333
"1205",2010-04-03,1.25366527777778,243.249930555556
"1206",2010-04-04,1.17388055555556,241.747430555556
"1207",2010-04-05,0.776958333333333,243.655145833333
"1208",2010-04-06,1.26795277777778,242.744111111111
"1209",2010-04-07,1.10901527777778,241.831229166667
"1210",2010-04-08,1.14529166666667,241.994833333333
"1211",2010-04-09,0.856493055555556,242.582881944444
"1212",2010-04-10,0.826533333333333,241.282861111111
"1213",2010-04-11,NA,NA
"1214",2010-04-12,0.999601388888889,242.006444444444
"1215",2010-04-13,1.05048888888889,241.735125
"1216",2010-04-14,1.15303055555556,241.375611111111
"1217",2010-04-15,1.30012361111111,240.8521875
"1218",2010-04-16,1.08476527777778,241.991833333333
"1219",2010-04-17,1.08174444444444,241.305173611111
"1220",2010-04-18,1.02507361111111,240.681229166667
"1221",2010-04-19,1.18652361111111,241.259819444444
"1222",2010-04-20,1.27335277777778,240.77725
"1223",2010-04-21,1.0971625,241.930041666667
"1224",2010-04-22,1.01451666666667,240.746020833333
"1225",2010-04-23,0.819816666666667,241.612916666667
"1226",2010-04-24,1.05445694444444,241.516118055556
"1227",2010-04-25,1.07134861111111,240.661576388889
"1228",2010-04-26,0.751886111111111,241.231381944444
"1229",2010-04-27,0.868708333333333,242.075965277778
"1230",2010-04-28,0.602679166666667,242.519826388889
"1231",2010-04-29,0.766475,242.279173611111
"1232",2010-04-30,0.776825,241.817673611111
"1233",2010-05-01,0.916776388888889,240.647166666667
"1234",2010-05-02,1.51938194444444,240.38825
"1235",2010-05-03,0.980070833333334,237.187243055556
"1236",2010-05-04,1.05344444444444,236.037027777778
"1237",2010-05-05,1.25368611111111,236.105604166667
"1238",2010-05-06,0.902256944444444,235.989111111111
"1239",2010-05-07,1.14166944444444,237.495895833333
"1240",2010-05-08,1.06487638888889,241.897020833333
"1241",2010-05-09,1.08785416666667,241.401326388889
"1242",2010-05-10,1.01936944444444,240.998409722222
"1243",2010-05-11,1.09122777777778,242.383076388889
"1244",2010-05-12,1.41348472222222,241.716625
"1245",2010-05-13,NA,NA
"1246",2010-05-14,1.19593472222222,242.067229166667
"1247",2010-05-15,1.35053611111111,242.102715277778
"1248",2010-05-16,1.45862916666667,240.973652777778
"1249",2010-05-17,1.13068194444444,241.360270833333
"1250",2010-05-18,0.986933333333333,241.520875
"1251",2010-05-19,0.9908,241.601041666667
"1252",2010-05-20,0.801318055555556,242.450784722222
"1253",2010-05-21,0.898886111111111,241.759048611111
"1254",2010-05-22,1.45539722222222,239.553104166667
"1255",2010-05-23,1.033025,240.690347222222
"1256",2010-05-24,0.931480555555556,241.035097222222
"1257",2010-05-25,0.832379166666667,240.263048611111
"1258",2010-05-26,0.963808333333333,239.543194444444
"1259",2010-05-27,0.9189875,239.920951388889
"1260",2010-05-28,0.970947222222222,240.039576388889
"1261",2010-05-29,1.42347777777778,240.201708333333
"1262",2010-05-30,1.15673611111111,240.467013888889
"1263",2010-05-31,0.930876388888889,240.690208333333
"1264",2010-06-01,0.881225,240.540277777778
"1265",2010-06-02,0.681179166666667,240.336458333333
"1266",2010-06-03,0.968184722222222,240.244506944444
"1267",2010-06-04,0.986495833333334,240.279638888889
"1268",2010-06-05,1.39558611111111,241.100381944444
"1269",2010-06-06,1.21305,241.421618055556
"1270",2010-06-07,0.702834722222222,242.331048611111
"1271",2010-06-08,0.945856944444445,241.076854166667
"1272",2010-06-09,1.06575138888889,241.186736111111
"1273",2010-06-10,0.843881944444444,241.694444444444
"1274",2010-06-11,1.0213,241.453291666667
"1275",2010-06-12,NA,NA
"1276",2010-06-13,1.16274722222222,241.202923611111
"1277",2010-06-14,0.845822222222222,241.616833333333
"1278",2010-06-15,0.849976388888889,240.903298611111
"1279",2010-06-16,1.22784166666667,240.751381944444
"1280",2010-06-17,0.713901388888889,240.427090277778
"1281",2010-06-18,0.925219444444444,240.523409722222
"1282",2010-06-19,0.983486111111111,241.703638888889
"1283",2010-06-20,1.16149305555556,240.307833333333
"1284",2010-06-21,1.15339583333333,240.953993055556
"1285",2010-06-22,1.05596388888889,240.684923611111
"1286",2010-06-23,1.00143333333333,239.998583333333
"1287",2010-06-24,0.760958333333333,240.809486111111
"1288",2010-06-25,0.763498611111111,240.530548611111
"1289",2010-06-26,0.681680555555556,241.494861111111
"1290",2010-06-27,0.791641666666667,239.947479166667
"1291",2010-06-28,1.02176388888889,240.429013888889
"1292",2010-06-29,NA,NA
"1293",2010-06-30,0.961205555555556,240.610958333333
"1294",2010-07-01,0.936806944444444,239.314215277778
"1295",2010-07-02,0.792311111111111,239.630118055556
"1296",2010-07-03,0.777829166666666,241.336277777778
"1297",2010-07-04,1.06811666666667,240.334465277778
"1298",2010-07-05,0.773604166666667,241.1825625
"1299",2010-07-06,0.698565277777778,240.529701388889
"1300",2010-07-07,0.579713888888889,240.657451388889
"1301",2010-07-08,0.842119444444445,240.304125
"1302",2010-07-09,0.752415277777778,240.792506944444
"1303",2010-07-10,0.801738888888889,240.062520833333
"1304",2010-07-11,0.828869444444445,239.773951388889
"1305",2010-07-12,0.7705375,240.218645833333
"1306",2010-07-13,0.959801388888889,240.494791666667
"1307",2010-07-14,0.9788,240.341916666667
"1308",2010-07-15,NA,NA
"1309",2010-07-16,0.569483333333333,241.154347222222
"1310",2010-07-17,0.559966666666667,241.184208333333
"1311",2010-07-18,0.563915277777777,241.450201388889
"1312",2010-07-19,0.556359722222222,241.849555555556
"1313",2010-07-20,0.594322222222222,241.648986111111
"1314",2010-07-21,0.739004166666666,241.720805555556
"1315",2010-07-22,0.808643055555556,241.189784722222
"1316",2010-07-23,0.816776388888889,239.882916666667
"1317",2010-07-24,0.640047222222222,240.296868055556
"1318",2010-07-25,0.785006944444445,240.279479166667
"1319",2010-07-26,0.613993055555556,240.937631944444
"1320",2010-07-27,0.661361111111111,239.630097222222
"1321",2010-07-28,0.599065277777777,240.306256944444
"1322",2010-07-29,0.381322222222222,240.384534722222
"1323",2010-07-30,0.382819444444444,240.049083333333
"1324",2010-07-31,0.38515,239.680854166667
"1325",2010-08-01,0.385877777777778,239.801305555556
"1326",2010-08-02,0.381584722222222,240.897354166667
"1327",2010-08-03,0.427230555555556,241.501701388889
"1328",2010-08-04,0.377330555555556,241.397951388889
"1329",2010-08-05,0.370469444444444,241.859388888889
"1330",2010-08-06,0.364406944444444,240.953236111111
"1331",2010-08-07,0.366302777777778,241.325048611111
"1332",2010-08-08,0.366986111111111,240.734465277778
"1333",2010-08-09,0.371572222222222,241.069263888889
"1334",2010-08-10,0.378304166666667,241.954666666667
"1335",2010-08-11,0.376390277777778,240.542868055556
"1336",2010-08-12,0.367845833333333,240.794930555556
"1337",2010-08-13,0.3710375,240.991159722222
"1338",2010-08-14,0.384909722222222,241.165875
"1339",2010-08-15,0.73332361111111,241.686625
"1340",2010-08-16,0.784534722222222,241.076958333333
"1341",2010-08-17,NA,NA
"1342",2010-08-18,NA,NA
"1343",2010-08-19,NA,NA
"1344",2010-08-20,NA,NA
"1345",2010-08-21,NA,NA
"1346",2010-08-22,NA,NA
"1347",2010-08-23,0.531706944444444,242.045423611111
"1348",2010-08-24,0.502047222222222,241.608159722222
"1349",2010-08-25,0.680838888888889,241.116305555556
"1350",2010-08-26,0.525869444444445,241.8138125
"1351",2010-08-27,1.41017361111111,240.859458333333
"1352",2010-08-28,1.00198333333333,242.565861111111
"1353",2010-08-29,1.15866666666667,241.007944444444
"1354",2010-08-30,1.03805694444444,241.374395833333
"1355",2010-08-31,0.947990277777778,241.192388888889
"1356",2010-09-01,1.10647083333333,241.262840277778
"1357",2010-09-02,0.967008333333333,240.943715277778
"1358",2010-09-03,0.935009722222222,240.533673611111
"1359",2010-09-04,1.211,241.101944444444
"1360",2010-09-05,0.9187625,242.140604166667
"1361",2010-09-06,0.988108333333333,241.84175
"1362",2010-09-07,1.00823194444444,241.275159722222
"1363",2010-09-08,0.905425,240.984006944444
"1364",2010-09-09,0.860218055555555,240.603215277778
"1365",2010-09-10,0.922297222222223,241.818201388889
"1366",2010-09-11,1.0161875,241.67075
"1367",2010-09-12,1.11950833333333,241.619722222222
"1368",2010-09-13,0.747444444444444,241.155270833333
"1369",2010-09-14,0.993526388888889,240.941319444444
"1370",2010-09-15,0.6847875,241.296777777778
"1371",2010-09-16,0.930373611111111,240.411770833333
"1372",2010-09-17,1.04000555555555,240.814875
"1373",2010-09-18,0.866629166666667,241.559076388889
"1374",2010-09-19,0.638611111111111,241.711305555556
"1375",2010-09-20,1.16863333333333,241.493736111111
"1376",2010-09-21,0.771788888888889,240.918645833333
"1377",2010-09-22,1.04888472222222,240.655027777778
"1378",2010-09-23,1.00684861111111,240.7245
"1379",2010-09-24,0.922216666666667,240.588722222222
"1380",2010-09-25,NA,NA
"1381",2010-09-26,NA,NA
"1382",2010-09-27,NA,NA
"1383",2010-09-28,NA,NA
"1384",2010-09-29,1.16974027777778,241.223409722222
"1385",2010-09-30,0.866859722222222,242.307791666667
"1386",2010-10-01,1.04501388888889,240.801979166667
"1387",2010-10-02,1.33559305555556,240.703458333333
"1388",2010-10-03,1.27130833333333,241.932840277778
"1389",2010-10-04,1.23330555555556,240.621458333333
"1390",2010-10-05,1.28793333333333,239.919
"1391",2010-10-06,0.913511111111111,241.27625
"1392",2010-10-07,1.2569125,241.605236111111
"1393",2010-10-08,1.04892777777778,240.982194444444
"1394",2010-10-09,1.11929166666667,240.1984375
"1395",2010-10-10,1.38812777777778,240.342347222222
"1396",2010-10-11,1.12679861111111,239.926194444444
"1397",2010-10-12,1.09700833333333,240.260673611111
"1398",2010-10-13,1.44019861111111,240.799319444444
"1399",2010-10-14,1.48272361111111,240.903215277778
"1400",2010-10-15,1.10855833333333,240.794944444444
"1401",2010-10-16,0.694454166666666,241.917493055556
"1402",2010-10-17,0.727348611111111,242.275826388889
"1403",2010-10-18,1.88464166666667,241.816180555556
"1404",2010-10-19,1.33748472222222,241.912784722222
"1405",2010-10-20,1.199975,242.248125
"1406",2010-10-21,0.941109722222222,243.472423611111
"1407",2010-10-22,1.15895277777778,242.798201388889
"1408",2010-10-23,1.592525,242.243534722222
"1409",2010-10-24,NA,NA
"1410",2010-10-25,0.807841666666667,242.406152777778
"1411",2010-10-26,0.656877777777778,244.890958333333
"1412",2010-10-27,0.875193055555556,246.108708333333
"1413",2010-10-28,1.01619861111111,246.253895833333
"1414",2010-10-29,0.836404166666667,245.743104166667
"1415",2010-10-30,1.49493055555556,243.267368055556
"1416",2010-10-31,1.02529861111111,245.495277777778
"1417",2010-11-01,0.960541666666667,246.379597222222
"1418",2010-11-02,0.827140277777778,245.786916666667
"1419",2010-11-03,0.898123611111111,244.278534722222
"1420",2010-11-04,1.77440694444444,243.152229166667
"1421",2010-11-05,1.20561666666667,243.775034722222
"1422",2010-11-06,1.25375555555556,238.430222222222
"1423",2010-11-07,1.16237222222222,238.436486111111
"1424",2010-11-08,1.26773611111111,237.7430625
"1425",2010-11-09,1.40423472222222,237.788090277778
"1426",2010-11-10,1.35175972222222,239.084770833333
"1427",2010-11-11,1.23166111111111,238.728708333333
"1428",2010-11-12,1.27557083333333,238.837895833333
"1429",2010-11-13,1.40498194444444,239.332743055556
"1430",2010-11-14,1.41555,239.279798611111
"1431",2010-11-15,1.21345972222222,239.549243055556
"1432",2010-11-16,1.04843611111111,241.197611111111
"1433",2010-11-17,1.09863333333333,241.452243055556
"1434",2010-11-18,1.14732777777778,241.01675
"1435",2010-11-19,1.09055555555556,240.046756944444
"1436",2010-11-20,1.52569861111111,240.608333333333
"1437",2010-11-21,0.625631944444444,241.180194444444
"1438",2010-11-22,1.41773333333333,240.197118055556
"1439",2010-11-23,1.09551111111111,240.575527777778
"1440",2010-11-24,1.24739444444444,240.030965277778
"1441",2010-11-25,0.993863888888889,241.536256944444
"1442",2010-11-26,1.17822961203484,240.291029295329
