"","Date","Global_active_power"
"1",2006-12-16,3.05347474747475
"2",2006-12-17,2.35448611111111
"3",2006-12-18,1.53043472222222
"4",2006-12-19,1.15707916666667
"5",2006-12-20,1.54565833333333
"6",2006-12-21,NA
"7",2006-12-22,1.62592916666667
"8",2006-12-23,3.31485138888889
"9",2006-12-24,1.77084166666667
"10",2006-12-25,1.90494444444444
"11",2006-12-26,2.73202083333333
"12",2006-12-27,1.06163888888889
"13",2006-12-28,1.43933194444444
"14",2006-12-29,2.20443888888889
"15",2006-12-30,NA
"16",2006-12-31,2.426525
"17",2007-01-01,1.90903055555556
"18",2007-01-02,0.881413888888889
"19",2007-01-03,0.704204166666667
"20",2007-01-04,2.26348055555556
"21",2007-01-05,1.88428055555556
"22",2007-01-06,1.04748472222222
"23",2007-01-07,1.69973611111111
"24",2007-01-08,1.5565
"25",2007-01-09,1.29795416666667
"26",2007-01-10,1.49638888888889
"27",2007-01-11,1.56610694444444
"28",2007-01-12,1.01478888888889
"29",2007-01-13,2.21306527777778
"30",2007-01-14,NA
"31",2007-01-15,1.4921375
"32",2007-01-16,1.17111388888889
"33",2007-01-17,1.97756111111111
"34",2007-01-18,1.26490416666667
"35",2007-01-19,1.02808333333333
"36",2007-01-20,2.17620277777778
"37",2007-01-21,2.36615416666667
"38",2007-01-22,1.51423194444444
"39",2007-01-23,1.23447222222222
"40",2007-01-24,2.07489861111111
"41",2007-01-25,1.10857222222222
"42",2007-01-26,1.12359166666667
"43",2007-01-27,1.41949444444444
"44",2007-01-28,NA
"45",2007-01-29,1.37685
"46",2007-01-30,1.18597083333333
"47",2007-01-31,1.64149444444444
"48",2007-02-01,1.26719444444444
"49",2007-02-02,1.15815
"50",2007-02-03,2.79841805555556
"51",2007-02-04,2.49718055555556
"52",2007-02-05,1.14255555555556
"53",2007-02-06,0.884361111111111
"54",2007-02-07,1.61667916666667
"55",2007-02-08,1.25098194444444
"56",2007-02-09,1.1251375
"57",2007-02-10,1.96481111111111
"58",2007-02-11,2.48001944444444
"59",2007-02-12,1.30389583333333
"60",2007-02-13,0.982323611111111
"61",2007-02-14,1.73518888888889
"62",2007-02-15,1.3787125
"63",2007-02-16,1.18231111111111
"64",2007-02-17,1.4423
"65",2007-02-18,2.65955694444444
"66",2007-02-19,1.51848194444444
"67",2007-02-20,2.18745
"68",2007-02-21,1.43949583333333
"69",2007-02-22,NA
"70",2007-02-23,0.912138888888889
"71",2007-02-24,0.496473611111111
"72",2007-02-25,0.348430555555556
"73",2007-02-26,0.394780555555556
"74",2007-02-27,0.3598
"75",2007-02-28,0.361648611111111
"76",2007-03-01,0.359419444444444
"77",2007-03-02,0.358116666666667
"78",2007-03-03,0.568834722222222
"79",2007-03-04,1.451875
"80",2007-03-05,1.84745277777778
"81",2007-03-06,0.865625
"82",2007-03-07,1.64944861111111
"83",2007-03-08,1.09175833333333
"84",2007-03-09,0.883758333333333
"85",2007-03-10,1.72549444444444
"86",2007-03-11,2.41710833333333
"87",2007-03-12,1.35463055555556
"88",2007-03-13,0.895933333333334
"89",2007-03-14,1.24539166666667
"90",2007-03-15,1.30889861111111
"91",2007-03-16,1.18198194444444
"92",2007-03-17,1.40839583333333
"93",2007-03-18,1.64655972222222
"94",2007-03-19,1.49480416666667
"95",2007-03-20,1.44876944444444
"96",2007-03-21,1.48756388888889
"97",2007-03-22,1.01040138888889
"98",2007-03-23,0.909033333333333
"99",2007-03-24,2.06140972222222
"100",2007-03-25,NA
"101",2007-03-26,0.983390277777778
"102",2007-03-27,0.767458333333334
"103",2007-03-28,1.6207625
"104",2007-03-29,1.10444861111111
"105",2007-03-30,0.973884722222223
"106",2007-03-31,2.43715972222222
"107",2007-04-01,1.93468888888889
"108",2007-04-02,1.36165138888889
"109",2007-04-03,1.14084722222222
"110",2007-04-04,1.42490833333333
"111",2007-04-05,1.28060972222222
"112",2007-04-06,1.11190277777778
"113",2007-04-07,1.07911388888889
"114",2007-04-08,1.11723333333333
"115",2007-04-09,0.695083333333334
"116",2007-04-10,0.539836111111112
"117",2007-04-11,0.616306944444445
"118",2007-04-12,0.373406944444444
"119",2007-04-13,0.382654166666667
"120",2007-04-14,0.384908333333333
"121",2007-04-15,0.504280555555556
"122",2007-04-16,0.661381944444444
"123",2007-04-17,0.849815277777777
"124",2007-04-18,0.693226388888889
"125",2007-04-19,0.714345833333333
"126",2007-04-20,0.571236111111111
"127",2007-04-21,1.16226111111111
"128",2007-04-22,1.55119027777778
"129",2007-04-23,0.7323375
"130",2007-04-24,0.716736111111111
"131",2007-04-25,0.877890277777778
"132",2007-04-26,0.885740277777778
"133",2007-04-27,0.759952777777778
"134",2007-04-28,NA
"135",2007-04-29,NA
"136",2007-04-30,NA
"137",2007-05-01,1.15545694444444
"138",2007-05-02,0.696865277777778
"139",2007-05-03,0.757109722222222
"140",2007-05-04,0.693144444444445
"141",2007-05-05,1.08545277777778
"142",2007-05-06,1.45979444444444
"143",2007-05-07,1.14143333333333
"144",2007-05-08,1.24256388888889
"145",2007-05-09,1.15676111111111
"146",2007-05-10,0.491586111111111
"147",2007-05-11,0.679968055555555
"148",2007-05-12,1.0010875
"149",2007-05-13,1.13523472222222
"150",2007-05-14,1.01929305555556
"151",2007-05-15,0.62805
"152",2007-05-16,1.17565555555555
"153",2007-05-17,0.855427777777777
"154",2007-05-18,1.13300694444445
"155",2007-05-19,0.992668055555555
"156",2007-05-20,1.36689444444444
"157",2007-05-21,0.777820833333334
"158",2007-05-22,0.786702777777777
"159",2007-05-23,1.01731666666667
"160",2007-05-24,0.801658333333333
"161",2007-05-25,1.12098611111111
"162",2007-05-26,1.05017222222222
"163",2007-05-27,1.4957
"164",2007-05-28,1.13713055555556
"165",2007-05-29,0.737041666666667
"166",2007-05-30,1.1179625
"167",2007-05-31,0.651770833333333
"168",2007-06-01,NA
"169",2007-06-02,1.03080694444444
"170",2007-06-03,1.46390694444444
"171",2007-06-04,0.633068055555556
"172",2007-06-05,1.01311944444444
"173",2007-06-06,NA
"174",2007-06-07,0.684029166666667
"175",2007-06-08,1.49169861111111
"176",2007-06-09,NA
"177",2007-06-10,0.931119444444445
"178",2007-06-11,0.551843055555555
"179",2007-06-12,0.638031944444445
"180",2007-06-13,0.643938888888889
"181",2007-06-14,0.874363888888889
"182",2007-06-15,0.687225
"183",2007-06-16,1.40122361111111
"184",2007-06-17,1.35214583333333
"185",2007-06-18,0.4711625
"186",2007-06-19,NA
"187",2007-06-20,0.746031944444445
"188",2007-06-21,0.560379166666667
"189",2007-06-22,0.393259722222222
"190",2007-06-23,0.331643055555556
"191",2007-06-24,0.496288888888889
"192",2007-06-25,0.744584722222221
"193",2007-06-26,0.656186111111111
"194",2007-06-27,1.02835138888889
"195",2007-06-28,0.899609722222222
"196",2007-06-29,NA
"197",2007-06-30,0.927301388888889
"198",2007-07-01,0.712961111111111
"199",2007-07-02,0.671550000000002
"200",2007-07-03,0.73605
"201",2007-07-04,0.6968125
"202",2007-07-05,0.734229166666668
"203",2007-07-06,0.742725
"204",2007-07-07,0.943198611111111
"205",2007-07-08,0.756305555555556
"206",2007-07-09,0.819554166666667
"207",2007-07-10,0.630780555555556
"208",2007-07-11,0.501633333333333
"209",2007-07-12,0.742765277777778
"210",2007-07-13,0.551654166666667
"211",2007-07-14,0.8945625
"212",2007-07-15,NA
"213",2007-07-16,0.592829166666667
"214",2007-07-17,0.499744444444444
"215",2007-07-18,0.525751388888889
"216",2007-07-19,0.470754166666667
"217",2007-07-20,0.771126388888889
"218",2007-07-21,0.736283333333333
"219",2007-07-22,NA
"220",2007-07-23,0.688206944444444
"221",2007-07-24,0.573113888888889
"222",2007-07-25,0.328166666666667
"223",2007-07-26,0.642013888888889
"224",2007-07-27,0.835079166666667
"225",2007-07-28,1.12629305555555
"226",2007-07-29,0.222997222222222
"227",2007-07-30,0.324177777777778
"228",2007-07-31,0.564119444444445
"229",2007-08-01,NA
"230",2007-08-02,0.707927777777778
"231",2007-08-03,0.738447222222222
"232",2007-08-04,0.795131944444445
"233",2007-08-05,0.546595833333334
"234",2007-08-06,0.75675
"235",2007-08-07,1.03026388888889
"236",2007-08-08,0.781584722222222
"237",2007-08-09,0.744222222222222
"238",2007-08-10,0.713895833333334
"239",2007-08-11,0.758090277777778
"240",2007-08-12,0.862433333333332
"241",2007-08-13,0.800702777777777
"242",2007-08-14,0.653604166666667
"243",2007-08-15,0.827680555555555
"244",2007-08-16,0.665622222222222
"245",2007-08-17,0.701313888888889
"246",2007-08-18,0.241638888888889
"247",2007-08-19,0.987704166666665
"248",2007-08-20,0.929751388888889
"249",2007-08-21,0.446219444444444
"250",2007-08-22,0.840144444444445
"251",2007-08-23,0.772438888888889
"252",2007-08-24,NA
"253",2007-08-25,0.799222222222222
"254",2007-08-26,0.913129166666667
"255",2007-08-27,0.841479166666666
"256",2007-08-28,0.692363888888889
"257",2007-08-29,0.519438888888889
"258",2007-08-30,0.835040277777777
"259",2007-08-31,0.888765277777778
"260",2007-09-01,1.1815875
"261",2007-09-02,1.15449166666667
"262",2007-09-03,0.721473611111111
"263",2007-09-04,1.10065555555556
"264",2007-09-05,0.858730555555556
"265",2007-09-06,0.626023611111111
"266",2007-09-07,0.928122222222222
"267",2007-09-08,1.02066111111111
"268",2007-09-09,1.16632083333333
"269",2007-09-10,0.775955555555556
"270",2007-09-11,0.683036111111112
"271",2007-09-12,0.894280555555556
"272",2007-09-13,0.796098611111111
"273",2007-09-14,0.788520833333333
"274",2007-09-15,0.760633333333333
"275",2007-09-16,1.14737777777778
"276",2007-09-17,1.0147125
"277",2007-09-18,0.810777777777778
"278",2007-09-19,0.901863888888889
"279",2007-09-20,0.871897222222222
"280",2007-09-21,0.86026388888889
"281",2007-09-22,0.816786111111111
"282",2007-09-23,0.984701388888888
"283",2007-09-24,0.940645833333334
"284",2007-09-25,1.2252375
"285",2007-09-26,NA
"286",2007-09-27,0.967083333333334
"287",2007-09-28,1.1670125
"288",2007-09-29,1.59480694444444
"289",2007-09-30,1.05297916666667
"290",2007-10-01,1.19508472222222
"291",2007-10-02,1.52698888888889
"292",2007-10-03,0.889204166666667
"293",2007-10-04,1.05448472222222
"294",2007-10-05,0.968119444444445
"295",2007-10-06,1.21961111111111
"296",2007-10-07,1.46257916666667
"297",2007-10-08,0.760584722222222
"298",2007-10-09,1.17212361111111
"299",2007-10-10,0.810397222222221
"300",2007-10-11,1.2030875
"301",2007-10-12,1.32951666666667
"302",2007-10-13,1.33800555555556
"303",2007-10-14,1.431425
"304",2007-10-15,0.879395833333333
"305",2007-10-16,1.36419583333333
"306",2007-10-17,1.09509027777778
"307",2007-10-18,1.05453472222222
"308",2007-10-19,1.44836666666667
"309",2007-10-20,1.15294861111111
"310",2007-10-21,1.34856944444444
"311",2007-10-22,1.14784444444444
"312",2007-10-23,NA
"313",2007-10-24,1.29558055555556
"314",2007-10-25,1.28744305555556
"315",2007-10-26,0.998311111111111
"316",2007-10-27,1.24006111111111
"317",2007-10-28,0.355665277777778
"318",2007-10-29,0.378769444444444
"319",2007-10-30,0.5632
"320",2007-10-31,0.891118055555555
"321",2007-11-01,0.344594444444444
"322",2007-11-02,1.00250138888889
"323",2007-11-03,0.342048611111111
"324",2007-11-04,1.03172638888889
"325",2007-11-05,1.04207777777778
"326",2007-11-06,1.44609583333333
"327",2007-11-07,1.28108194444444
"328",2007-11-08,1.04240277777778
"329",2007-11-09,1.50779583333333
"330",2007-11-10,1.81361111111111
"331",2007-11-11,1.31050277777778
"332",2007-11-12,1.49732361111111
"333",2007-11-13,1.53777638888889
"334",2007-11-14,1.42221805555556
"335",2007-11-15,1.03610277777778
"336",2007-11-16,1.60399583333333
"337",2007-11-17,1.81256527777778
"338",2007-11-18,1.51656805555556
"339",2007-11-19,1.19698194444445
"340",2007-11-20,1.45545555555556
"341",2007-11-21,NA
"342",2007-11-22,1.34192916666667
"343",2007-11-23,1.75181805555556
"344",2007-11-24,1.3187875
"345",2007-11-25,0.969165277777778
"346",2007-11-26,1.09008055555556
"347",2007-11-27,1.94514722222222
"348",2007-11-28,1.14231944444444
"349",2007-11-29,NA
"350",2007-11-30,1.61925555555556
"351",2007-12-01,2.17704305555556
"352",2007-12-02,2.04596388888889
"353",2007-12-03,1.22365277777778
"354",2007-12-04,1.43585833333333
"355",2007-12-05,1.49522222222222
"356",2007-12-06,1.72773194444444
"357",2007-12-07,1.22848333333333
"358",2007-12-08,1.53708611111111
"359",2007-12-09,1.57957222222222
"360",2007-12-10,1.22135694444444
"361",2007-12-11,1.60076666666667
"362",2007-12-12,1.10282083333333
"363",2007-12-13,1.28315694444445
"364",2007-12-14,1.37139444444444
"365",2007-12-15,1.90060833333333
"366",2007-12-16,1.91820694444444
"367",2007-12-17,NA
"368",2007-12-18,1.8216625
"369",2007-12-19,1.52503611111111
"370",2007-12-20,1.35399861111111
"371",2007-12-21,1.37678888888889
"372",2007-12-22,1.81337777777778
"373",2007-12-23,1.67295
"374",2007-12-24,1.56795
"375",2007-12-25,1.87150555555555
"376",2007-12-26,1.79186111111111
"377",2007-12-27,1.75847083333333
"378",2007-12-28,2.16184166666667
"379",2007-12-29,2.29094166666667
"380",2007-12-30,1.777025
"381",2007-12-31,1.53926527777778
"382",2008-01-01,1.91648472222222
"383",2008-01-02,1.14174027777778
"384",2008-01-03,1.04868611111111
"385",2008-01-04,1.59156388888889
"386",2008-01-05,1.51614444444444
"387",2008-01-06,1.26748888888889
"388",2008-01-07,1.17764861111111
"389",2008-01-08,1.41913194444444
"390",2008-01-09,1.24197222222222
"391",2008-01-10,1.31533055555556
"392",2008-01-11,1.18459583333333
"393",2008-01-12,1.99403333333333
"394",2008-01-13,NA
"395",2008-01-14,1.40620277777778
"396",2008-01-15,1.86591111111111
"397",2008-01-16,1.48323055555556
"398",2008-01-17,1.0918625
"399",2008-01-18,1.51874166666667
"400",2008-01-19,1.3752125
"401",2008-01-20,1.20858888888889
"402",2008-01-21,1.29097083333333
"403",2008-01-22,1.61459583333333
"404",2008-01-23,1.30715833333333
"405",2008-01-24,1.14237638888889
"406",2008-01-25,1.55545555555556
"407",2008-01-26,1.96874166666667
"408",2008-01-27,1.65400416666667
"409",2008-01-28,1.60291388888889
"410",2008-01-29,1.85835
"411",2008-01-30,1.1393375
"412",2008-01-31,1.35689027777778
"413",2008-02-01,1.06573055555556
"414",2008-02-02,NA
"415",2008-02-03,1.44761666666667
"416",2008-02-04,1.13065138888889
"417",2008-02-05,1.71698333333333
"418",2008-02-06,1.15940277777778
"419",2008-02-07,1.05438194444444
"420",2008-02-08,1.35455833333333
"421",2008-02-09,1.45991388888889
"422",2008-02-10,1.5171625
"423",2008-02-11,1.17501111111111
"424",2008-02-12,1.38041527777778
"425",2008-02-13,1.31979027777778
"426",2008-02-14,1.11432083333333
"427",2008-02-15,1.39250555555556
"428",2008-02-16,1.629825
"429",2008-02-17,1.34261666666667
"430",2008-02-18,1.05166944444444
"431",2008-02-19,1.477025
"432",2008-02-20,1.56513194444444
"433",2008-02-21,1.13461805555556
"434",2008-02-22,1.20316944444444
"435",2008-02-23,NA
"436",2008-02-24,0.87708888888889
"437",2008-02-25,0.350338888888889
"438",2008-02-26,0.352166666666667
"439",2008-02-27,0.393555555555556
"440",2008-02-28,0.3536
"441",2008-02-29,0.925936111111112
"442",2008-03-01,0.792969444444445
"443",2008-03-02,0.807101388888889
"444",2008-03-03,0.722604166666667
"445",2008-03-04,1.15902083333333
"446",2008-03-05,1.41472777777778
"447",2008-03-06,1.73833888888889
"448",2008-03-07,1.29371944444444
"449",2008-03-08,1.56156944444445
"450",2008-03-09,1.08365138888889
"451",2008-03-10,1.1240875
"452",2008-03-11,1.52780694444444
"453",2008-03-12,1.23210555555556
"454",2008-03-13,1.16355138888889
"455",2008-03-14,1.534875
"456",2008-03-15,1.09465277777778
"457",2008-03-16,1.25136111111111
"458",2008-03-17,1.18535972222222
"459",2008-03-18,1.33164305555556
"460",2008-03-19,0.908644444444444
"461",2008-03-20,0.870329166666667
"462",2008-03-21,1.43502916666667
"463",2008-03-22,1.42605277777778
"464",2008-03-23,1.61527083333333
"465",2008-03-24,NA
"466",2008-03-25,1.3999
"467",2008-03-26,1.13435555555556
"468",2008-03-27,0.951959722222222
"469",2008-03-28,1.30932222222222
"470",2008-03-29,1.71607638888889
"471",2008-03-30,1.49055
"472",2008-03-31,0.956645833333334
"473",2008-04-01,1.47850833333333
"474",2008-04-02,1.17477222222222
"475",2008-04-03,0.783858333333334
"476",2008-04-04,1.13327638888889
"477",2008-04-05,1.36858472222222
"478",2008-04-06,1.17799861111111
"479",2008-04-07,1.0686375
"480",2008-04-08,1.84549722222222
"481",2008-04-09,0.846425
"482",2008-04-10,1.0262125
"483",2008-04-11,1.30393333333333
"484",2008-04-12,1.94445416666667
"485",2008-04-13,1.55068472222222
"486",2008-04-14,1.10387638888889
"487",2008-04-15,1.16000416666667
"488",2008-04-16,1.03407222222222
"489",2008-04-17,0.969348611111111
"490",2008-04-18,1.29332638888889
"491",2008-04-19,1.56507638888889
"492",2008-04-20,1.24404027777778
"493",2008-04-21,0.808441666666667
"494",2008-04-22,1.13033055555556
"495",2008-04-23,0.942588888888889
"496",2008-04-24,0.724841666666666
"497",2008-04-25,0.880370833333333
"498",2008-04-26,0.627198611111111
"499",2008-04-27,0.700166666666667
"500",2008-04-28,0.457675
"501",2008-04-29,1.36987222222222
"502",2008-04-30,0.7650875
"503",2008-05-01,0.400009722222222
"504",2008-05-02,1.04011666666667
"505",2008-05-03,0.895555555555556
"506",2008-05-04,1.02150694444444
"507",2008-05-05,0.949258333333333
"508",2008-05-06,1.24304166666667
"509",2008-05-07,0.81685
"510",2008-05-08,1.46992916666667
"511",2008-05-09,1.21338333333333
"512",2008-05-10,1.32578333333333
"513",2008-05-11,1.11869444444444
"514",2008-05-12,1.058475
"515",2008-05-13,1.02562083333333
"516",2008-05-14,1.10018194444444
"517",2008-05-15,0.807477777777778
"518",2008-05-16,NA
"519",2008-05-17,1.15100972222222
"520",2008-05-18,1.25274861111111
"521",2008-05-19,0.715459722222222
"522",2008-05-20,1.09814861111111
"523",2008-05-21,0.919522222222223
"524",2008-05-22,0.678380555555556
"525",2008-05-23,1.03119166666667
"526",2008-05-24,1.09734444444445
"527",2008-05-25,1.42257222222222
"528",2008-05-26,0.895631944444444
"529",2008-05-27,1.18659722222222
"530",2008-05-28,0.773869444444445
"531",2008-05-29,0.788247222222222
"532",2008-05-30,0.970308333333334
"533",2008-05-31,1.13990972222222
"534",2008-06-01,1.28394166666667
"535",2008-06-02,0.745841666666667
"536",2008-06-03,1.10959444444444
"537",2008-06-04,1.10341111111111
"538",2008-06-05,0.777831944444444
"539",2008-06-06,0.845634722222222
"540",2008-06-07,1.30728055555556
"541",2008-06-08,1.07105694444444
"542",2008-06-09,0.920623611111111
"543",2008-06-10,0.741034722222222
"544",2008-06-11,0.780004166666667
"545",2008-06-12,0.874536111111111
"546",2008-06-13,NA
"547",2008-06-14,0.96175
"548",2008-06-15,1.58965416666667
"549",2008-06-16,0.904891666666667
"550",2008-06-17,0.795197222222222
"551",2008-06-18,1.31500555555555
"552",2008-06-19,1.10283472222222
"553",2008-06-20,1.16396111111111
"554",2008-06-21,1.20434305555556
"555",2008-06-22,1.08778888888889
"556",2008-06-23,0.869302777777778
"557",2008-06-24,1.21836944444444
"558",2008-06-25,0.876229166666667
"559",2008-06-26,0.733347222222222
"560",2008-06-27,1.21885555555556
"561",2008-06-28,0.839444444444445
"562",2008-06-29,0.520383333333333
"563",2008-06-30,0.558469444444444
"564",2008-07-01,0.843916666666667
"565",2008-07-02,0.796668055555556
"566",2008-07-03,0.762749999999999
"567",2008-07-04,0.654180555555556
"568",2008-07-05,1.0202
"569",2008-07-06,1.25351666666667
"570",2008-07-07,0.682909722222222
"571",2008-07-08,0.782093055555556
"572",2008-07-09,0.638415277777778
"573",2008-07-10,0.868941666666667
"574",2008-07-11,0.870983333333334
"575",2008-07-12,0.922813888888889
"576",2008-07-13,NA
"577",2008-07-14,0.790226388888889
"578",2008-07-15,0.802680555555556
"579",2008-07-16,0.747959722222222
"580",2008-07-17,0.916056944444445
"581",2008-07-18,0.8761
"582",2008-07-19,0.933343055555557
"583",2008-07-20,0.653843055555556
"584",2008-07-21,0.803109722222222
"585",2008-07-22,0.514056944444444
"586",2008-07-23,0.654604166666667
"587",2008-07-24,0.759340277777778
"588",2008-07-25,0.601065277777778
"589",2008-07-26,0.566447222222222
"590",2008-07-27,0.796802777777778
"591",2008-07-28,0.573475
"592",2008-07-29,0.810109722222222
"593",2008-07-30,0.902713888888889
"594",2008-07-31,0.967109722222222
"595",2008-08-01,0.513594444444444
"596",2008-08-02,0.351233333333333
"597",2008-08-03,0.350543055555556
"598",2008-08-04,NA
"599",2008-08-05,0.574387500000001
"600",2008-08-06,0.226466666666667
"601",2008-08-07,0.232558333333333
"602",2008-08-08,0.209861111111111
"603",2008-08-09,0.249252777777778
"604",2008-08-10,0.244466666666667
"605",2008-08-11,0.258275
"606",2008-08-12,0.200683333333333
"607",2008-08-13,0.196238888888889
"608",2008-08-14,0.187679166666667
"609",2008-08-15,0.1900375
"610",2008-08-16,0.190843055555556
"611",2008-08-17,0.190830555555556
"612",2008-08-18,0.190109722222222
"613",2008-08-19,0.190758333333333
"614",2008-08-20,0.186438888888889
"615",2008-08-21,0.181456944444444
"616",2008-08-22,0.185502777777778
"617",2008-08-23,0.176834722222222
"618",2008-08-24,0.176886111111111
"619",2008-08-25,0.173818055555556
"620",2008-08-26,0.178863888888889
"621",2008-08-27,0.179245833333333
"622",2008-08-28,0.186281944444444
"623",2008-08-29,0.185825
"624",2008-08-30,0.187794444444444
"625",2008-08-31,NA
"626",2008-09-01,0.866326388888889
"627",2008-09-02,0.961218055555555
"628",2008-09-03,0.96422638888889
"629",2008-09-04,0.850847222222222
"630",2008-09-05,0.606916666666667
"631",2008-09-06,1.29762083333333
"632",2008-09-07,0.953233333333333
"633",2008-09-08,0.909252777777778
"634",2008-09-09,0.805315277777778
"635",2008-09-10,0.903308333333333
"636",2008-09-11,0.714384722222222
"637",2008-09-12,0.967195833333333
"638",2008-09-13,1.13294166666667
"639",2008-09-14,1.09467083333333
"640",2008-09-15,1.17896388888889
"641",2008-09-16,0.848515277777778
"642",2008-09-17,1.05500694444444
"643",2008-09-18,1.04534027777778
"644",2008-09-19,1.05475416666667
"645",2008-09-20,0.905972222222222
"646",2008-09-21,1.06463194444444
"647",2008-09-22,0.943447222222222
"648",2008-09-23,0.856102777777778
"649",2008-09-24,1.19329861111111
"650",2008-09-25,0.785569444444445
"651",2008-09-26,0.994062499999999
"652",2008-09-27,1.47739305555556
"653",2008-09-28,1.20215555555556
"654",2008-09-29,1.04287361111111
"655",2008-09-30,0.954865277777778
"656",2008-10-01,1.30025277777778
"657",2008-10-02,0.934265277777778
"658",2008-10-03,1.11984722222222
"659",2008-10-04,1.45867777777778
"660",2008-10-05,1.07635416666667
"661",2008-10-06,0.988737500000001
"662",2008-10-07,1.19900555555556
"663",2008-10-08,1.29206666666667
"664",2008-10-09,1.37755694444444
"665",2008-10-10,1.05440138888889
"666",2008-10-11,1.15929583333333
"667",2008-10-12,1.32495833333333
"668",2008-10-13,1.01526111111111
"669",2008-10-14,1.1174
"670",2008-10-15,1.49784444444444
"671",2008-10-16,1.09977777777778
"672",2008-10-17,1.29644861111111
"673",2008-10-18,1.55499305555555
"674",2008-10-19,1.36939861111111
"675",2008-10-20,1.15802361111111
"676",2008-10-21,1.43313611111111
"677",2008-10-22,1.1430625
"678",2008-10-23,1.27117638888889
"679",2008-10-24,1.48140694444444
"680",2008-10-25,NA
"681",2008-10-26,0.363536111111111
"682",2008-10-27,0.363813888888889
"683",2008-10-28,0.921729166666665
"684",2008-10-29,1.11984444444444
"685",2008-10-30,0.762916666666667
"686",2008-10-31,0.892938888888889
"687",2008-11-01,0.576734722222222
"688",2008-11-02,0.632370833333333
"689",2008-11-03,0.588611111111111
"690",2008-11-04,1.08494166666667
"691",2008-11-05,2.17703472222222
"692",2008-11-06,1.10308194444444
"693",2008-11-07,1.12443333333333
"694",2008-11-08,1.20356805555556
"695",2008-11-09,1.79065138888889
"696",2008-11-10,NA
"697",2008-11-11,1.70552083333333
"698",2008-11-12,NA
"699",2008-11-13,0.860041666666667
"700",2008-11-14,1.12620694444444
"701",2008-11-15,2.10529722222222
"702",2008-11-16,1.64266111111111
"703",2008-11-17,1.05808055555556
"704",2008-11-18,1.21461805555556
"705",2008-11-19,1.27794305555556
"706",2008-11-20,1.17523333333333
"707",2008-11-21,1.16245138888889
"708",2008-11-22,1.18845
"709",2008-11-23,NA
"710",2008-11-24,2.23124861111111
"711",2008-11-25,1.87697916666667
"712",2008-11-26,1.05274583333333
"713",2008-11-27,1.64042916666667
"714",2008-11-28,1.30969722222222
"715",2008-11-29,1.69074166666667
"716",2008-11-30,1.66763055555556
"717",2008-12-01,1.12259583333333
"718",2008-12-02,1.24544722222222
"719",2008-12-03,1.21886388888889
"720",2008-12-04,1.2073875
"721",2008-12-05,1.42959583333333
"722",2008-12-06,1.75266388888889
"723",2008-12-07,1.71301388888889
"724",2008-12-08,1.29766388888889
"725",2008-12-09,1.39107222222222
"726",2008-12-10,NA
"727",2008-12-11,0.994806944444444
"728",2008-12-12,1.2607875
"729",2008-12-13,1.26775972222222
"730",2008-12-14,1.39036111111111
"731",2008-12-15,1.24684027777778
"732",2008-12-16,1.24797916666667
"733",2008-12-17,1.45749027777778
"734",2008-12-18,1.20620833333333
"735",2008-12-19,1.30702222222222
"736",2008-12-20,NA
"737",2008-12-21,1.83584027777778
"738",2008-12-22,1.39986666666667
"739",2008-12-23,1.24867222222222
"740",2008-12-24,0.881693055555556
"741",2008-12-25,0.7368875
"742",2008-12-26,0.849813888888889
"743",2008-12-27,2.06400277777778
"744",2008-12-28,1.09072361111111
"745",2008-12-29,0.385609722222222
"746",2008-12-30,0.830026388888889
"747",2008-12-31,1.36401944444444
"748",2009-01-01,0.976869444444444
"749",2009-01-02,1.61632638888889
"750",2009-01-03,1.32881666666667
"751",2009-01-04,1.34721805555556
"752",2009-01-05,1.11388888888889
"753",2009-01-06,1.17351527777778
"754",2009-01-07,1.44463333333333
"755",2009-01-08,1.13421527777778
"756",2009-01-09,1.24215416666667
"757",2009-01-10,1.46038055555556
"758",2009-01-11,1.37221388888889
"759",2009-01-12,1.10366527777778
"760",2009-01-13,1.51569444444445
"761",2009-01-14,NA
"762",2009-01-15,1.08615833333333
"763",2009-01-16,1.92121805555556
"764",2009-01-17,2.30404166666667
"765",2009-01-18,2.1904125
"766",2009-01-19,1.1804625
"767",2009-01-20,1.20696388888889
"768",2009-01-21,1.20794027777778
"769",2009-01-22,0.859275
"770",2009-01-23,1.32676111111111
"771",2009-01-24,1.5283125
"772",2009-01-25,1.97476666666667
"773",2009-01-26,1.16282777777778
"774",2009-01-27,0.989604166666667
"775",2009-01-28,1.89009305555556
"776",2009-01-29,1.09284583333333
"777",2009-01-30,1.4298875
"778",2009-01-31,2.30059166666667
"779",2009-02-01,NA
"780",2009-02-02,1.11340277777778
"781",2009-02-03,1.29749305555556
"782",2009-02-04,1.708975
"783",2009-02-05,1.1452
"784",2009-02-06,1.42249722222222
"785",2009-02-07,2.17467777777778
"786",2009-02-08,1.51587916666667
"787",2009-02-09,1.18516527777778
"788",2009-02-10,1.34987638888889
"789",2009-02-11,1.83290972222222
"790",2009-02-12,1.367125
"791",2009-02-13,1.17362638888889
"792",2009-02-14,NA
"793",2009-02-15,1.10141111111111
"794",2009-02-16,0.915968055555555
"795",2009-02-17,NA
"796",2009-02-18,0.573923611111111
"797",2009-02-19,0.511991666666667
"798",2009-02-20,1.30606666666667
"799",2009-02-21,0.914016666666666
"800",2009-02-22,1.55449861111111
"801",2009-02-23,1.89837222222222
"802",2009-02-24,1.23829444444444
"803",2009-02-25,0.812391666666667
"804",2009-02-26,0.803369444444444
"805",2009-02-27,1.40897083333333
"806",2009-02-28,1.13246527777778
"807",2009-03-01,NA
"808",2009-03-02,1.02600138888889
"809",2009-03-03,1.28399444444444
"810",2009-03-04,1.27925694444444
"811",2009-03-05,1.00125833333333
"812",2009-03-06,1.23852361111111
"813",2009-03-07,1.17810138888889
"814",2009-03-08,1.63692083333333
"815",2009-03-09,1.170525
"816",2009-03-10,1.27514583333333
"817",2009-03-11,1.67076666666667
"818",2009-03-12,1.31059722222222
"819",2009-03-13,1.00383333333333
"820",2009-03-14,1.49238055555555
"821",2009-03-15,1.34865416666667
"822",2009-03-16,NA
"823",2009-03-17,1.34160416666667
"824",2009-03-18,1.00741666666667
"825",2009-03-19,0.827452777777778
"826",2009-03-20,1.01660138888889
"827",2009-03-21,1.34029305555556
"828",2009-03-22,1.17303472222222
"829",2009-03-23,0.9003125
"830",2009-03-24,1.15396666666667
"831",2009-03-25,1.27692638888889
"832",2009-03-26,0.840975
"833",2009-03-27,1.19022638888889
"834",2009-03-28,1.57012222222222
"835",2009-03-29,1.53934027777778
"836",2009-03-30,1.02600833333333
"837",2009-03-31,1.26630694444444
"838",2009-04-01,1.13968055555556
"839",2009-04-02,1.14189861111111
"840",2009-04-03,0.946708333333334
"841",2009-04-04,1.52168888888889
"842",2009-04-05,0.955358333333333
"843",2009-04-06,1.00877361111111
"844",2009-04-07,1.00006388888889
"845",2009-04-08,1.06569444444444
"846",2009-04-09,1.31282777777778
"847",2009-04-10,1.27924583333333
"848",2009-04-11,1.71003194444444
"849",2009-04-12,1.48681388888889
"850",2009-04-13,NA
"851",2009-04-14,1.04273472222222
"852",2009-04-15,0.8444875
"853",2009-04-16,1.086475
"854",2009-04-17,1.41861805555556
"855",2009-04-18,1.05018472222222
"856",2009-04-19,0.893380555555555
"857",2009-04-20,1.03229861111111
"858",2009-04-21,1.31569305555556
"859",2009-04-22,1.03902638888889
"860",2009-04-23,0.792680555555555
"861",2009-04-24,0.8292
"862",2009-04-25,1.40436388888889
"863",2009-04-26,1.23724027777778
"864",2009-04-27,0.938630555555555
"865",2009-04-28,1.18499027777778
"866",2009-04-29,1.15602777777778
"867",2009-04-30,1.27414027777778
"868",2009-05-01,1.05055694444444
"869",2009-05-02,0.967993055555556
"870",2009-05-03,1.11727638888889
"871",2009-05-04,1.15825138888889
"872",2009-05-05,1.2024125
"873",2009-05-06,0.937431944444444
"874",2009-05-07,0.703227777777778
"875",2009-05-08,1.28969166666667
"876",2009-05-09,0.875938888888889
"877",2009-05-10,NA
"878",2009-05-11,1.05359444444444
"879",2009-05-12,1.12913611111111
"880",2009-05-13,0.865554166666667
"881",2009-05-14,1.11596111111111
"882",2009-05-15,0.987656944444445
"883",2009-05-16,1.3940125
"884",2009-05-17,1.07205833333333
"885",2009-05-18,0.8402125
"886",2009-05-19,1.12315555555556
"887",2009-05-20,0.907751388888889
"888",2009-05-21,1.09385416666667
"889",2009-05-22,0.746393055555555
"890",2009-05-23,1.06291527777778
"891",2009-05-24,0.894295833333334
"892",2009-05-25,0.940344444444445
"893",2009-05-26,NA
"894",2009-05-27,1.072425
"895",2009-05-28,0.819261111111111
"896",2009-05-29,0.8630875
"897",2009-05-30,1.15215694444444
"898",2009-05-31,0.664506944444445
"899",2009-06-01,1.00226388888889
"900",2009-06-02,0.7573875
"901",2009-06-03,0.942068055555555
"902",2009-06-04,0.719208333333333
"903",2009-06-05,0.854416666666667
"904",2009-06-06,1.02461805555556
"905",2009-06-07,0.838466666666667
"906",2009-06-08,0.818594444444444
"907",2009-06-09,0.925590277777778
"908",2009-06-10,1.11319166666667
"909",2009-06-11,0.903229166666667
"910",2009-06-12,0.765091666666667
"911",2009-06-13,NA
"912",2009-06-14,NA
"913",2009-06-15,NA
"914",2009-06-16,1.04777222222222
"915",2009-06-17,0.686122222222222
"916",2009-06-18,0.809513888888889
"917",2009-06-19,0.754768055555556
"918",2009-06-20,0.768819444444445
"919",2009-06-21,0.593848611111111
"920",2009-06-22,0.759790277777778
"921",2009-06-23,0.721676388888889
"922",2009-06-24,1.06588472222222
"923",2009-06-25,0.535668055555556
"924",2009-06-26,0.887029166666666
"925",2009-06-27,1.18684166666667
"926",2009-06-28,0.735690277777778
"927",2009-06-29,0.701481944444445
"928",2009-06-30,0.8280875
"929",2009-07-01,0.846070833333333
"930",2009-07-02,0.862901388888889
"931",2009-07-03,0.600102777777778
"932",2009-07-04,0.860116666666667
"933",2009-07-05,0.979677777777778
"934",2009-07-06,0.662680555555556
"935",2009-07-07,0.770927777777777
"936",2009-07-08,0.857222222222222
"937",2009-07-09,0.587675
"938",2009-07-10,NA
"939",2009-07-11,0.690255555555556
"940",2009-07-12,0.356581944444444
"941",2009-07-13,0.3449625
"942",2009-07-14,0.6329375
"943",2009-07-15,0.4986625
"944",2009-07-16,0.416356944444444
"945",2009-07-17,0.5082
"946",2009-07-18,0.671118055555555
"947",2009-07-19,0.835863888888889
"948",2009-07-20,0.460059722222222
"949",2009-07-21,0.5651125
"950",2009-07-22,0.513563888888889
"951",2009-07-23,0.715277777777778
"952",2009-07-24,0.390095833333333
"953",2009-07-25,0.3727
"954",2009-07-26,0.377094444444444
"955",2009-07-27,0.478170833333333
"956",2009-07-28,0.626979166666667
"957",2009-07-29,0.626388888888889
"958",2009-07-30,0.550226388888889
"959",2009-07-31,0.677659722222222
"960",2009-08-01,0.490948611111111
"961",2009-08-02,0.340086111111111
"962",2009-08-03,0.347429166666667
"963",2009-08-04,0.353397222222222
"964",2009-08-05,0.360175
"965",2009-08-06,0.369911111111111
"966",2009-08-07,0.374511111111111
"967",2009-08-08,0.365605555555555
"968",2009-08-09,0.693218055555556
"969",2009-08-10,0.742609722222223
"970",2009-08-11,0.660384722222222
"971",2009-08-12,0.572525
"972",2009-08-13,NA
"973",2009-08-14,0.519913888888889
"974",2009-08-15,1.05143194444444
"975",2009-08-16,0.845633333333333
"976",2009-08-17,0.545769444444444
"977",2009-08-18,0.750415277777778
"978",2009-08-19,0.611626388888889
"979",2009-08-20,0.538695833333333
"980",2009-08-21,0.806768055555556
"981",2009-08-22,1.0755125
"982",2009-08-23,0.740769444444445
"983",2009-08-24,0.869620833333333
"984",2009-08-25,0.655284722222222
"985",2009-08-26,0.789268055555555
"986",2009-08-27,0.5204625
"987",2009-08-28,0.776973611111111
"988",2009-08-29,0.964176388888889
"989",2009-08-30,1.15857083333333
"990",2009-08-31,0.878834722222222
"991",2009-09-01,0.680927777777778
"992",2009-09-02,0.849176388888889
"993",2009-09-03,0.868880555555556
"994",2009-09-04,0.711380555555556
"995",2009-09-05,1.05129583333333
"996",2009-09-06,0.853215277777778
"997",2009-09-07,0.848234722222223
"998",2009-09-08,0.754343055555555
"999",2009-09-09,1.05648888888889
"1000",2009-09-10,0.772468055555556
"1001",2009-09-11,0.843156944444444
"1002",2009-09-12,1.43358194444444
"1003",2009-09-13,NA
"1004",2009-09-14,1.09365138888889
"1005",2009-09-15,1.01167083333333
"1006",2009-09-16,1.21052916666667
"1007",2009-09-17,0.849601388888889
"1008",2009-09-18,0.954188888888889
"1009",2009-09-19,1.48313194444445
"1010",2009-09-20,1.41342222222222
"1011",2009-09-21,0.984630555555555
"1012",2009-09-22,0.86565
"1013",2009-09-23,1.13653472222222
"1014",2009-09-24,0.990456944444444
"1015",2009-09-25,0.806261111111111
"1016",2009-09-26,1.08073194444444
"1017",2009-09-27,0.979494444444445
"1018",2009-09-28,0.9024
"1019",2009-09-29,0.796109722222222
"1020",2009-09-30,NA
"1021",2009-10-01,0.893925
"1022",2009-10-02,0.800463888888889
"1023",2009-10-03,1.19218055555556
"1024",2009-10-04,1.12576805555556
"1025",2009-10-05,0.885779166666667
"1026",2009-10-06,0.991977777777778
"1027",2009-10-07,1.2651625
"1028",2009-10-08,1.09525416666667
"1029",2009-10-09,0.938793055555555
"1030",2009-10-10,1.39774722222222
"1031",2009-10-11,NA
"1032",2009-10-12,0.938613888888889
"1033",2009-10-13,1.00631944444444
"1034",2009-10-14,1.18835
"1035",2009-10-15,1.03470555555556
"1036",2009-10-16,1.053375
"1037",2009-10-17,1.90422222222222
"1038",2009-10-18,1.08066944444444
"1039",2009-10-19,0.950769444444444
"1040",2009-10-20,1.19639444444444
"1041",2009-10-21,1.3677125
"1042",2009-10-22,0.972020833333333
"1043",2009-10-23,1.22045138888889
"1044",2009-10-24,1.81556111111111
"1045",2009-10-25,1.67120555555556
"1046",2009-10-26,0.772461111111111
"1047",2009-10-27,0.775525
"1048",2009-10-28,0.881047222222222
"1049",2009-10-29,1.376
"1050",2009-10-30,1.03705416666667
"1051",2009-10-31,1.3027375
"1052",2009-11-01,1.27997777777778
"1053",2009-11-02,1.04460138888889
"1054",2009-11-03,1.57408888888889
"1055",2009-11-04,1.25125
"1056",2009-11-05,1.08365694444444
"1057",2009-11-06,0.965590277777778
"1058",2009-11-07,1.08137222222222
"1059",2009-11-08,1.74166805555555
"1060",2009-11-09,NA
"1061",2009-11-10,1.11540555555556
"1062",2009-11-11,1.417
"1063",2009-11-12,1.01601805555556
"1064",2009-11-13,1.06453194444444
"1065",2009-11-14,1.77809444444444
"1066",2009-11-15,1.36618611111111
"1067",2009-11-16,1.05171388888889
"1068",2009-11-17,1.18631527777778
"1069",2009-11-18,1.83275972222222
"1070",2009-11-19,1.0242
"1071",2009-11-20,1.36181666666667
"1072",2009-11-21,1.73392777777778
"1073",2009-11-22,1.70206666666667
"1074",2009-11-23,1.0216125
"1075",2009-11-24,1.47837222222222
"1076",2009-11-25,1.37509027777778
"1077",2009-11-26,1.11085138888889
"1078",2009-11-27,0.958351388888889
"1079",2009-11-28,1.2909375
"1080",2009-11-29,1.14650138888889
"1081",2009-11-30,1.2119375
"1082",2009-12-01,1.21970694444444
"1083",2009-12-02,1.62893611111111
"1084",2009-12-03,1.02756111111111
"1085",2009-12-04,1.18839861111111
"1086",2009-12-05,1.63316805555556
"1087",2009-12-06,1.65158888888889
"1088",2009-12-07,1.21016527777778
"1089",2009-12-08,1.39366944444444
"1090",2009-12-09,1.25163611111111
"1091",2009-12-10,NA
"1092",2009-12-11,1.23920972222222
"1093",2009-12-12,1.261375
"1094",2009-12-13,1.4852875
"1095",2009-12-14,1.24643194444444
"1096",2009-12-15,1.34730277777778
"1097",2009-12-16,0.9686625
"1098",2009-12-17,1.1924875
"1099",2009-12-18,1.21160138888889
"1100",2009-12-19,1.5307875
"1101",2009-12-20,0.794559722222222
"1102",2009-12-21,1.41317083333333
"1103",2009-12-22,1.31112638888889
"1104",2009-12-23,1.01055555555556
"1105",2009-12-24,2.01798194444444
"1106",2009-12-25,1.47753333333333
"1107",2009-12-26,1.51640138888889
"1108",2009-12-27,1.52461944444444
"1109",2009-12-28,1.45423472222222
"1110",2009-12-29,1.4222
"1111",2009-12-30,1.70215972222222
"1112",2009-12-31,1.53603611111111
"1113",2010-01-01,0.850175
"1114",2010-01-02,NA
"1115",2010-01-03,1.44684305555556
"1116",2010-01-04,1.11398055555556
"1117",2010-01-05,1.54151388888889
"1118",2010-01-06,1.23415277777778
"1119",2010-01-07,1.22877916666667
"1120",2010-01-08,1.24806111111111
"1121",2010-01-09,1.62284722222222
"1122",2010-01-10,1.74199027777778
"1123",2010-01-11,1.05464166666667
"1124",2010-01-12,NA
"1125",2010-01-13,NA
"1126",2010-01-14,NA
"1127",2010-01-15,1.52552777777778
"1128",2010-01-16,1.49313333333333
"1129",2010-01-17,1.32399722222222
"1130",2010-01-18,1.30631805555556
"1131",2010-01-19,1.68993611111111
"1132",2010-01-20,1.63314444444444
"1133",2010-01-21,1.48462222222222
"1134",2010-01-22,1.24349027777778
"1135",2010-01-23,NA
"1136",2010-01-24,1.57598611111111
"1137",2010-01-25,1.34063194444444
"1138",2010-01-26,1.43580833333333
"1139",2010-01-27,1.91729305555556
"1140",2010-01-28,1.46544027777778
"1141",2010-01-29,1.45346527777778
"1142",2010-01-30,1.97411666666667
"1143",2010-01-31,1.24944166666667
"1144",2010-02-01,1.17623472222222
"1145",2010-02-02,1.49821666666667
"1146",2010-02-03,2.01598194444444
"1147",2010-02-04,1.60852083333333
"1148",2010-02-05,1.45756388888889
"1149",2010-02-06,1.88401805555556
"1150",2010-02-07,1.12896388888889
"1151",2010-02-08,1.79322083333333
"1152",2010-02-09,1.68120277777778
"1153",2010-02-10,NA
"1154",2010-02-11,0.951227777777778
"1155",2010-02-12,1.31458194444444
"1156",2010-02-13,1.633025
"1157",2010-02-14,NA
"1158",2010-02-15,1.45634166666667
"1159",2010-02-16,1.24844166666667
"1160",2010-02-17,1.42677777777778
"1161",2010-02-18,1.223025
"1162",2010-02-19,1.35664722222222
"1163",2010-02-20,1.37758888888889
"1164",2010-02-21,1.90299583333333
"1165",2010-02-22,1.02363611111111
"1166",2010-02-23,1.01477777777778
"1167",2010-02-24,1.32935972222222
"1168",2010-02-25,1.30569722222222
"1169",2010-02-26,1.47233055555556
"1170",2010-02-27,1.22573333333333
"1171",2010-02-28,0.4942125
"1172",2010-03-01,0.901894444444445
"1173",2010-03-02,0.532573611111111
"1174",2010-03-03,0.649884722222222
"1175",2010-03-04,0.474222222222222
"1176",2010-03-05,0.787309722222222
"1177",2010-03-06,0.551883333333333
"1178",2010-03-07,0.953105555555555
"1179",2010-03-08,1.7757625
"1180",2010-03-09,1.2223
"1181",2010-03-10,1.26571666666667
"1182",2010-03-11,1.35492361111111
"1183",2010-03-12,1.14265555555556
"1184",2010-03-13,1.65486805555556
"1185",2010-03-14,1.08799583333333
"1186",2010-03-15,1.24434027777778
"1187",2010-03-16,1.07128472222222
"1188",2010-03-17,1.39522916666667
"1189",2010-03-18,1.08519583333333
"1190",2010-03-19,1.15512777777778
"1191",2010-03-20,NA
"1192",2010-03-21,NA
"1193",2010-03-22,1.12402083333333
"1194",2010-03-23,1.26539027777778
"1195",2010-03-24,1.38524444444444
"1196",2010-03-25,1.16658611111111
"1197",2010-03-26,1.146725
"1198",2010-03-27,1.2833125
"1199",2010-03-28,1.24875972222222
"1200",2010-03-29,1.12690138888889
"1201",2010-03-30,1.32392638888889
"1202",2010-03-31,1.33597361111111
"1203",2010-04-01,1.17183333333333
"1204",2010-04-02,1.14487638888889
"1205",2010-04-03,1.25366527777778
"1206",2010-04-04,1.17388055555556
"1207",2010-04-05,0.776958333333333
"1208",2010-04-06,1.26795277777778
"1209",2010-04-07,1.10901527777778
"1210",2010-04-08,1.14529166666667
"1211",2010-04-09,0.856493055555556
"1212",2010-04-10,0.826533333333333
"1213",2010-04-11,NA
"1214",2010-04-12,0.999601388888889
"1215",2010-04-13,1.05048888888889
"1216",2010-04-14,1.15303055555556
"1217",2010-04-15,1.30012361111111
"1218",2010-04-16,1.08476527777778
"1219",2010-04-17,1.08174444444444
"1220",2010-04-18,1.02507361111111
"1221",2010-04-19,1.18652361111111
"1222",2010-04-20,1.27335277777778
"1223",2010-04-21,1.0971625
"1224",2010-04-22,1.01451666666667
"1225",2010-04-23,0.819816666666667
"1226",2010-04-24,1.05445694444444
"1227",2010-04-25,1.07134861111111
"1228",2010-04-26,0.751886111111111
"1229",2010-04-27,0.868708333333333
"1230",2010-04-28,0.602679166666667
"1231",2010-04-29,0.766475
"1232",2010-04-30,0.776825
"1233",2010-05-01,0.916776388888889
"1234",2010-05-02,1.51938194444444
"1235",2010-05-03,0.980070833333334
"1236",2010-05-04,1.05344444444444
"1237",2010-05-05,1.25368611111111
"1238",2010-05-06,0.902256944444444
"1239",2010-05-07,1.14166944444444
"1240",2010-05-08,1.06487638888889
"1241",2010-05-09,1.08785416666667
"1242",2010-05-10,1.01936944444444
"1243",2010-05-11,1.09122777777778
"1244",2010-05-12,1.41348472222222
"1245",2010-05-13,NA
"1246",2010-05-14,1.19593472222222
"1247",2010-05-15,1.35053611111111
"1248",2010-05-16,1.45862916666667
"1249",2010-05-17,1.13068194444444
"1250",2010-05-18,0.986933333333333
"1251",2010-05-19,0.9908
"1252",2010-05-20,0.801318055555556
"1253",2010-05-21,0.898886111111111
"1254",2010-05-22,1.45539722222222
"1255",2010-05-23,1.033025
"1256",2010-05-24,0.931480555555556
"1257",2010-05-25,0.832379166666667
"1258",2010-05-26,0.963808333333333
"1259",2010-05-27,0.9189875
"1260",2010-05-28,0.970947222222222
"1261",2010-05-29,1.42347777777778
"1262",2010-05-30,1.15673611111111
"1263",2010-05-31,0.930876388888889
"1264",2010-06-01,0.881225
"1265",2010-06-02,0.681179166666667
"1266",2010-06-03,0.968184722222222
"1267",2010-06-04,0.986495833333334
"1268",2010-06-05,1.39558611111111
"1269",2010-06-06,1.21305
"1270",2010-06-07,0.702834722222222
"1271",2010-06-08,0.945856944444445
"1272",2010-06-09,1.06575138888889
"1273",2010-06-10,0.843881944444444
"1274",2010-06-11,1.0213
"1275",2010-06-12,NA
"1276",2010-06-13,1.16274722222222
"1277",2010-06-14,0.845822222222222
"1278",2010-06-15,0.849976388888889
"1279",2010-06-16,1.22784166666667
"1280",2010-06-17,0.713901388888889
"1281",2010-06-18,0.925219444444444
"1282",2010-06-19,0.983486111111111
"1283",2010-06-20,1.16149305555556
"1284",2010-06-21,1.15339583333333
"1285",2010-06-22,1.05596388888889
"1286",2010-06-23,1.00143333333333
"1287",2010-06-24,0.760958333333333
"1288",2010-06-25,0.763498611111111
"1289",2010-06-26,0.681680555555556
"1290",2010-06-27,0.791641666666667
"1291",2010-06-28,1.02176388888889
"1292",2010-06-29,NA
"1293",2010-06-30,0.961205555555556
"1294",2010-07-01,0.936806944444444
"1295",2010-07-02,0.792311111111111
"1296",2010-07-03,0.777829166666666
"1297",2010-07-04,1.06811666666667
"1298",2010-07-05,0.773604166666667
"1299",2010-07-06,0.698565277777778
"1300",2010-07-07,0.579713888888889
"1301",2010-07-08,0.842119444444445
"1302",2010-07-09,0.752415277777778
"1303",2010-07-10,0.801738888888889
"1304",2010-07-11,0.828869444444445
"1305",2010-07-12,0.7705375
"1306",2010-07-13,0.959801388888889
"1307",2010-07-14,0.9788
"1308",2010-07-15,NA
"1309",2010-07-16,0.569483333333333
"1310",2010-07-17,0.559966666666667
"1311",2010-07-18,0.563915277777777
"1312",2010-07-19,0.556359722222222
"1313",2010-07-20,0.594322222222222
"1314",2010-07-21,0.739004166666666
"1315",2010-07-22,0.808643055555556
"1316",2010-07-23,0.816776388888889
"1317",2010-07-24,0.640047222222222
"1318",2010-07-25,0.785006944444445
"1319",2010-07-26,0.613993055555556
"1320",2010-07-27,0.661361111111111
"1321",2010-07-28,0.599065277777777
"1322",2010-07-29,0.381322222222222
"1323",2010-07-30,0.382819444444444
"1324",2010-07-31,0.38515
"1325",2010-08-01,0.385877777777778
"1326",2010-08-02,0.381584722222222
"1327",2010-08-03,0.427230555555556
"1328",2010-08-04,0.377330555555556
"1329",2010-08-05,0.370469444444444
"1330",2010-08-06,0.364406944444444
"1331",2010-08-07,0.366302777777778
"1332",2010-08-08,0.366986111111111
"1333",2010-08-09,0.371572222222222
"1334",2010-08-10,0.378304166666667
"1335",2010-08-11,0.376390277777778
"1336",2010-08-12,0.367845833333333
"1337",2010-08-13,0.3710375
"1338",2010-08-14,0.384909722222222
"1339",2010-08-15,0.73332361111111
"1340",2010-08-16,0.784534722222222
"1341",2010-08-17,NA
"1342",2010-08-18,NA
"1343",2010-08-19,NA
"1344",2010-08-20,NA
"1345",2010-08-21,NA
"1346",2010-08-22,NA
"1347",2010-08-23,0.531706944444444
"1348",2010-08-24,0.502047222222222
"1349",2010-08-25,0.680838888888889
"1350",2010-08-26,0.525869444444445
"1351",2010-08-27,1.41017361111111
"1352",2010-08-28,1.00198333333333
"1353",2010-08-29,1.15866666666667
"1354",2010-08-30,1.03805694444444
"1355",2010-08-31,0.947990277777778
"1356",2010-09-01,1.10647083333333
"1357",2010-09-02,0.967008333333333
"1358",2010-09-03,0.935009722222222
"1359",2010-09-04,1.211
"1360",2010-09-05,0.9187625
"1361",2010-09-06,0.988108333333333
"1362",2010-09-07,1.00823194444444
"1363",2010-09-08,0.905425
"1364",2010-09-09,0.860218055555555
"1365",2010-09-10,0.922297222222223
"1366",2010-09-11,1.0161875
"1367",2010-09-12,1.11950833333333
"1368",2010-09-13,0.747444444444444
"1369",2010-09-14,0.993526388888889
"1370",2010-09-15,0.6847875
"1371",2010-09-16,0.930373611111111
"1372",2010-09-17,1.04000555555555
"1373",2010-09-18,0.866629166666667
"1374",2010-09-19,0.638611111111111
"1375",2010-09-20,1.16863333333333
"1376",2010-09-21,0.771788888888889
"1377",2010-09-22,1.04888472222222
"1378",2010-09-23,1.00684861111111
"1379",2010-09-24,0.922216666666667
"1380",2010-09-25,NA
"1381",2010-09-26,NA
"1382",2010-09-27,NA
"1383",2010-09-28,NA
"1384",2010-09-29,1.16974027777778
"1385",2010-09-30,0.866859722222222
"1386",2010-10-01,1.04501388888889
"1387",2010-10-02,1.33559305555556
"1388",2010-10-03,1.27130833333333
"1389",2010-10-04,1.23330555555556
"1390",2010-10-05,1.28793333333333
"1391",2010-10-06,0.913511111111111
"1392",2010-10-07,1.2569125
"1393",2010-10-08,1.04892777777778
"1394",2010-10-09,1.11929166666667
"1395",2010-10-10,1.38812777777778
"1396",2010-10-11,1.12679861111111
"1397",2010-10-12,1.09700833333333
"1398",2010-10-13,1.44019861111111
"1399",2010-10-14,1.48272361111111
"1400",2010-10-15,1.10855833333333
"1401",2010-10-16,0.694454166666666
"1402",2010-10-17,0.727348611111111
"1403",2010-10-18,1.88464166666667
"1404",2010-10-19,1.33748472222222
"1405",2010-10-20,1.199975
"1406",2010-10-21,0.941109722222222
"1407",2010-10-22,1.15895277777778
"1408",2010-10-23,1.592525
"1409",2010-10-24,NA
"1410",2010-10-25,0.807841666666667
"1411",2010-10-26,0.656877777777778
"1412",2010-10-27,0.875193055555556
"1413",2010-10-28,1.01619861111111
"1414",2010-10-29,0.836404166666667
"1415",2010-10-30,1.49493055555556
"1416",2010-10-31,1.02529861111111
"1417",2010-11-01,0.960541666666667
"1418",2010-11-02,0.827140277777778
"1419",2010-11-03,0.898123611111111
"1420",2010-11-04,1.77440694444444
"1421",2010-11-05,1.20561666666667
"1422",2010-11-06,1.25375555555556
"1423",2010-11-07,1.16237222222222
"1424",2010-11-08,1.26773611111111
"1425",2010-11-09,1.40423472222222
"1426",2010-11-10,1.35175972222222
"1427",2010-11-11,1.23166111111111
"1428",2010-11-12,1.27557083333333
"1429",2010-11-13,1.40498194444444
"1430",2010-11-14,1.41555
"1431",2010-11-15,1.21345972222222
"1432",2010-11-16,1.04843611111111
"1433",2010-11-17,1.09863333333333
"1434",2010-11-18,1.14732777777778
"1435",2010-11-19,1.09055555555556
"1436",2010-11-20,1.52569861111111
"1437",2010-11-21,0.625631944444444
"1438",2010-11-22,1.41773333333333
"1439",2010-11-23,1.09551111111111
"1440",2010-11-24,1.24739444444444
"1441",2010-11-25,0.993863888888889
"1442",2010-11-26,1.17822961203484
