"","marketing","reconocimiento","trafico","conversion","ventas"
"1",1.37095844714667,1.64588764373901,2.76528499902856,1.51473140083438,1.17250896092001
"2",-0.564698171396089,0.393000991338037,0.635448290156794,0.349742507503836,0.0188895930067326
"3",0.363128411337339,0.215912033458753,0.895338351529187,-0.0643541033739268,-1.33538196789019
"4",0.63286260496104,0.488525204907606,0.570267580421275,0.98153481652768,-0.867031077148774
"5",0.404268323140999,-0.3335618420699,-0.98020573037217,-1.24268567275136,-1.77660193513973
"6",-0.106124516091484,-0.222174173695863,-0.600182125971161,-0.181802259768734,0.156207202512795
"7",1.51152199743894,0.0835461536247447,0.178151522957731,0.734006940313252,0.36295207077229
"8",-0.0946590384130976,-0.830360139729951,-2.79947981971353,-2.78714857747193,-2.36221714291391
"9",2.01842371387704,0.234403757190949,-0.549409314807817,0.331439262649,-0.371043522014343
"10",-0.062714099052421,0.631337703724417,0.986103346827186,-0.785631860591304,-0.0969854332748159
"11",1.30486965422349,1.67489923133041,0.682429786859552,0.638534697191214,-0.793083185148262
"12",2.28664539270111,1.04163135327899,0.346008142747149,1.30040325401064,1.40639443992475
"13",-1.38886070111234,-1.73649833907287,-0.259458641171066,0.207185543585727,0.471642611758914
"14",-0.278788766817371,-0.237618325512064,-0.566174306790817,0.244093146120989,-0.493886345354098
"15",-0.133321336393658,1.7135301528139,1.44548417234973,0.62446128364915,0.332588885853492
"16",0.635950398070074,2.01462077544244,-0.0298261398629731,0.187984964752931,0.792015387376604
"17",-0.284252921416072,-1.54639202222681,-1.83252571889217,-0.508302325468021,0.682789809895476
"18",-2.65645542090478,-1.87939857744078,-2.37295363018797,-2.59147225051427,-0.567729167102901
"19",-2.44046692857552,-0.237655763415476,-0.0631918840826091,0.656951571362388,0.705318931021003
"20",1.32011334573019,0.761472730149926,0.253909470406139,-0.80877608234589,-0.686559386159255
"21",-0.306638594078475,1.09394743741406,1.75516840280338,0.879471164685477,0.913277199499919
"22",-1.78130843398,-1.33565337503591,-0.76803503897804,1.29830526945729,0.650315092455186
"23",-0.171917355759621,0.380838325676529,1.29246466133311,1.26219115915315,0.0682314393714598
"24",1.2146746991726,0.90819781090376,2.05568901673534,1.3753920757613,1.5271124613433
"25",1.89519346126497,3.72037167314303,1.65345383326215,1.84255365873112,1.7186539600977
"26",-0.4304691316062,0.478080574454297,0.573695575905553,0.230920843312067,1.09585135888832
"27",-0.25726938276893,-1.1195928850341,-1.29169069411754,-0.468917214432732,0.945123277621978
"28",-1.76316308519478,-1.54100278644748,-0.257159238249244,-0.421228120666896,0.830095175133525
"29",0.460097354831271,0.572246640596413,-0.549072612699063,-2.03300801097839,-0.729468428322629
"30",-0.639994875960119,-1.90479744291976,-1.86881769460077,-0.977501042872987,-0.662716381254949
"31",0.455450123241219,-1.17025788202586,-0.412607145851124,-0.646861138446626,-0.488922197472184
"32",0.704837337228819,-0.474555682746884,-0.188356570081046,-0.533371138886013,-0.656338444557335
"33",1.03510352196992,0.342718427934642,0.39859367673303,0.281673616323144,-0.402708048130018
"34",-0.608926375407211,0.625765893661257,0.399639171746695,1.21953307089216,0.50012690702099
"35",0.50495512329797,0.0836150220969591,-0.376926792932132,-0.0570256969609036,0.423311513482356
"36",-1.71700867907334,-0.900300634997451,-0.599327080863611,0.169721903919277,0.398827002797462
"37",-0.784459008379496,-0.522360932830148,1.00882848242807,1.14652494645398,-0.159001272168693
"38",-0.850907594176518,-1.07473423412602,-0.60541992742809,-0.352675069575517,0.669149619786442
"39",-2.41420764994663,-0.358766774967187,-1.25211324539139,-0.406694659511262,0.704004421310319
"40",0.0361226068922556,-0.8555369863313,-1.14619347094724,-0.899156891856269,0.527851722183818
"41",0.205998600200254,-0.0591476547173609,-0.913983108087433,-1.51430675286789,-1.90199581622282
"42",-0.361057298548666,-0.494896843617415,-0.992265378395577,-0.451241093926154,-0.603187686830272
"43",0.758163235699517,0.880600837025097,-0.52453667549418,-1.96164523426605,-1.58225505193215
"44",-0.726704827076575,0.849764753563005,-1.63330850752667,-1.83366238210421,-1.53025408706439
"45",-1.36828104441929,-0.409917005758302,0.309798246185393,0.17517983184323,-0.309657323098008
"46",0.432818025888717,1.36558934399165,1.27910734658003,0.782843499274135,0.0888405236556611
"47",-0.811393176186672,0.12364173312792,-0.132477395092532,-0.386987240802977,-0.979460256766088
"48",1.44410126172125,0.366793121325462,-0.377301636834051,0.427902565646195,-0.143980991960046
"49",-0.431446202613345,-0.193632681224818,-0.75624328053718,-1.27809995015207,-1.07979230007251
"50",0.655647883402207,1.49425201913314,1.14082607933796,-1.03097217137401,-0.524894329081132
"51",0.321925265203947,-1.05585746980327,-0.399470749288294,0.266686803861701,0.627578564714271
"52",-0.783838940880375,-0.210486836052466,0.221547103973712,0.186656524269448,0.839731940343896
"53",1.57572751979198,0.820004258313396,0.454872697051647,0.242468476707856,-0.443009319378191
"54",0.642899305717316,1.08796667201787,1.09356880168704,0.491641144131255,0.351478235389247
"55",0.0897606465996057,0.653989648104274,0.704601462046093,-0.687678629597752,1.30478453727152
"56",0.276550747291463,0.406773171449142,0.670375140446806,-0.197630520293411,-0.474860430057206
"57",0.679288816055271,1.60182218341661,1.27777122541674,1.2496297362641,1.36758175810216
"58",0.0898328865790817,-1.16649530818831,0.687936173253052,0.494726590581842,-0.202186211633504
"59",-2.99309008315293,-1.06728000310294,-1.43103169147022,-1.99495944553909,-0.497696963508691
"60",0.284882953530659,-1.09269585016764,0.605677031831804,0.842694274228828,0.95688889425281
"61",-0.367234642740975,0.24983222005028,-0.129959204296405,0.459494292212776,-0.3899857002441
"62",0.185230564865609,0.182852175719945,0.0485841015912171,-0.0602342610177142,0.729741238095537
"63",0.581823727365507,1.12290356197918,0.682462190059269,0.466252970710762,1.14736823314159
"64",1.39973682729268,0.902891978707466,0.138018751858033,1.08301141206519,1.36605770659118
"65",-0.727292059474465,-1.69133510487355,-2.97327986789323,-1.80490881836367,-3.2492496900744
"66",1.30254263204414,-0.824732967986386,-0.703949160487724,0.36114817730932,0.342616249393256
"67",0.335848119752074,0.634287691242255,0.381964751815478,0.235821277259751,1.29319617408269
"68",1.03850609869762,0.564402380731832,-1.07976113966759,0.279808693619836,0.0533885923370934
"69",0.920728568290646,0.0956224261279232,0.492544062129062,0.291802192805669,-0.303937324164778
"70",0.720878162866862,0.183672129837205,-0.376799282664195,0.378664422174752,0.130410922848798
"71",-1.04311893856785,-1.1630034168218,0.518541565577246,0.121633996284383,-1.70821738966768
"72",-0.0901863866107067,-0.179984193631207,0.112903184914243,-0.674869629797774,-1.29238807782976
"73",0.623518161999544,-0.37093315960017,-0.83503948400607,0.116595670346551,0.0103455361158542
"74",-0.953523357772344,-2.15852159823951,-1.05300110249451,0.870102056793781,1.19206137739911
"75",-0.542828814573857,-0.501377132143816,-0.0696909361180908,-0.276898336097674,-0.0209007673198586
"76",0.580996497681682,1.18481859417893,1.38128812075866,1.99510097450158,1.77782535947944
"77",0.768178737834591,1.96277089574049,0.954026086613376,0.501982007407662,-0.447787421024443
"78",0.463767588540167,0.280345509889833,-1.47251053631826,-0.384312192899483,0.864525064930164
"79",-0.88577629740968,-0.59600172621314,-1.36753360788009,-1.64970779020705,-0.179452878176149
"80",-1.09978089864786,0.110517285803183,-0.625016020751478,-0.244558819725338,0.303956815785857
"81",1.51270700980493,0.950481019120171,0.863776796145046,0.0700809918088066,-0.0841510986736793
"82",0.257921437532031,-0.193165864608811,-0.334110236002649,-1.18035555414183,-0.121045779624461
"83",0.0884402291595864,-1.33677366677809,-1.22672035030384,-0.400187158053086,-0.725186096142837
"84",-0.120896537539089,-1.0834944023494,-1.27183458701816,0.236468521335761,-0.504955246583059
"85",-1.19432889516053,-0.391550527440898,-0.0923968243173966,-0.616632653136715,-2.07225758469602
"86",0.611996898040387,-0.800525035399574,-1.12143459009232,-1.40371749183282,-0.767468950740705
"87",-0.217139845746521,0.708481988675847,0.0713282354174076,-0.700830463463322,-2.19003233895639
"88",-0.182756706331922,-1.18679845535932,-1.40472093147239,-1.30400333904416,-0.865852514480501
"89",0.93334632857116,0.4051513506519,-0.887769750276989,-0.155485914289133,0.229939597641353
"90",0.821773110508249,0.491195100614009,1.03430497642842,1.222573232193,1.38685516625263
"91",1.39211637593427,0.825006038466812,-0.600243054869159,-0.110102179158998,0.694798303558694
"92",-0.476173923054674,-0.164146496245286,-0.0318572560072099,0.509411039236378,0.792563045156468
"93",0.650348560726305,0.869018041556646,0.0234112440014594,-0.311826495412365,-0.84737061414448
"94",1.39111045639,0.733696323995377,-0.443227556829608,-0.431156274299411,0.387810153982115
"95",-1.1107888794479,-0.86530178034616,-0.268465148456733,0.289509325650352,0.235637122288281
"96",-0.860792586877842,-0.388213636203008,0.0849901037036744,-0.137611057176508,-1.48794297883471
"97",-1.13173868085377,-1.02595676179008,0.447457196442775,-0.359915764242332,-0.318797884949916
"98",-1.4592139995024,0.354401535578778,0.45510084142294,-0.645784512316732,-1.75729971491225
"99",0.0799825532411612,-1.68820772934816,-1.03928810674814,1.16080897092315,-0.0355919994426962
"100",0.65320433964919,1.21352629922266,2.7494145823963,0.73478966878336,0.0130972767306859
"101",1.20096537559849,0.52179287880715,-0.233241459446399,-0.142747364656538,-0.532989719416104
"102",1.04475108716773,0.96470696096655,-0.271957754119088,1.16364960742251,1.45160404378232
"103",-1.00320864683985,0.18819744680783,-0.324582534555276,0.359049838435881,0.184328010980197
"104",1.84848190167275,1.77754367863167,0.889317369825986,0.492779727118924,-0.382526996454073
"105",-0.666773408757817,-0.928481532491255,-0.0303207074193316,0.352105929241538,-0.246525721314062
"106",0.105513812456069,1.31456388210711,1.05568618283786,1.98844969739683,0.86107408879664
"107",-0.422255881868856,-1.55173427735455,-0.938054369886597,-0.523898585039526,-0.199368298956191
"108",-0.122350171954971,0.617706995610207,-0.345511183011283,-0.640219086638518,-0.0114004254678381
"109",0.188193034501498,-0.296366398048061,0.738860348531296,1.53352730517239,0.681129696119297
"110",0.119160957997006,-1.46239544555812,-0.0712921978982017,1.25839087826698,0.563354150890726
"111",-0.0250925508674029,-1.5077066094164,-1.40874230935851,-1.67530804216723,-0.700389936136261
"112",0.108072727942033,0.26098688751697,0.692966058194128,0.988205975468946,-0.00970683170510378
"113",-0.485435235846668,1.48756630001845,1.17823009832584,0.91530417669887,0.474444529238146
"114",-0.504217130687904,-0.0838294270971699,0.790071099980587,1.04419868621176,0.571766556083867
"115",-1.66109907991481,-0.0920316123262611,0.069085840770508,0.417048570860569,-0.302826654823783
"116",-0.382333726873818,0.441535263123789,-0.670009327842471,-0.483365698757951,-0.809038132680429
"117",-0.5126502578778,-0.831282377029245,0.184794214569641,0.436131683313628,0.0529315138437769
"118",2.7018910003448,2.3843033829904,0.728393635869161,-0.337494450882663,-0.880816980728245
"119",-1.36211623118972,-0.534908566322373,0.127567717105479,-0.893796558706397,-0.652476632220478
"120",0.137256218558607,0.247633165254855,1.47498125866002,1.53701129110853,0.0420803094149663
"121",-1.49362506731629,-0.0952844529415754,-1.18746886533453,-0.771003353440464,-0.219463441762697
"122",-1.4704357414368,-0.284299851549857,1.09316372258269,0.673082676821963,0.0855809604870094
"123",0.124702386197007,-0.426438437660307,0.847987666421293,-0.579645018762982,0.22243064051847
"124",-0.996639134884037,-0.281804532181051,-0.577949914052824,-0.803213533374656,-0.20237264724949
"125",-0.0018226143047082,-0.714827931819287,-0.594173582884031,-0.28137790239124,-0.566994646449435
"126",-0.428258881425815,0.247699399217929,-0.412443479464137,-0.629136480151871,-0.669575364830516
"127",-0.613671606449495,-0.714367110497351,-0.84919603257684,-0.537538413708076,0.107644590879981
"128",-2.02467784541911,-0.853095791876651,-0.0054975802952324,0.265579766542345,0.724225086780049
"129",-1.22474795035999,-0.440449534058915,-0.961414447934095,-0.769241493280593,-0.142475550127393
"130",0.179516441117938,-0.108600127058765,-0.211993980212547,0.150919390318583,0.344311928793543
"131",0.567620594423535,0.712982450824504,0.277017646076308,0.0237672382758614,-1.3205019015609
"132",-0.492877353553475,0.16375856836949,0.0128090915731754,-0.213880615396501,-0.0494750839986768
"133",0.0000628840653511241,-0.184522261686718,0.0436701286501905,-0.147305385400474,-1.1594700295227
"134",1.12288964337997,1.61152779266994,2.16359965331752,1.96174095843641,1.33215740622407
"135",1.43985574297619,1.97807561117221,0.72687619422995,1.08355910417722,0.208688486057058
"136",-1.09711376840582,-1.18786126561116,-1.28922787592679,0.732375847458615,0.396914766304248
"137",-0.117319560250177,-0.692287101530118,0.25306957388027,-0.511166588611555,-1.2173226982877
"138",1.2014984009197,1.13172990367884,0.926829286832186,0.15356029277815,-0.0234551995412555
"139",-0.469729580566301,-1.0124875387728,-0.368237759931077,0.193137938993189,1.26512024108377
"140",-0.0524694849389963,-0.391020735163638,0.257729206476327,1.32677617549577,2.23127832270249
"141",-0.0861072982370896,0.590681780340641,-0.804669182475759,0.295385294531984,-1.67447944616936
"142",-0.887679017906432,-0.991388891528742,0.305372743492084,-0.11363301238711,-1.31460314584392
"143",-0.444684004884738,-1.8093105372095,-0.631986492347154,-0.9171522892596,-1.66179044904768
"144",-0.0294448790882381,0.513845739604776,1.04366553839846,1.91804746681023,0.289508428737767
"145",-0.413868849057924,-1.53035348847016,-1.3205085893798,0.155636782496486,1.66048950815213
"146",1.1133860233682,-0.415648591942158,-1.7021587658451,-1.04134182164891,0.0847798314399265
"147",-0.480992841653982,-2.70294184852671,-1.87428964320804,-0.121520943219003,-0.161198225223631
"148",-0.433169032600729,0.405088838223613,-0.502678590995731,-0.357465794450536,0.503786394379136
"149",0.696862576552103,0.618995217009137,2.11865732727853,0.91052987373303,2.28785482303444
"150",-1.05636841317091,-0.263986275149481,-0.475965712433159,-0.368603117901692,0.238225416216571
"151",-0.0406984751512149,0.65141469348786,0.185739004054608,0.185962063422549,1.4525277483599
"152",-1.55154482234759,-0.964504112865803,0.319905553980729,-0.867765880739323,-1.42467398308291
"153",1.16716954923568,-0.184158995018613,0.394989774003957,0.156444272080365,-0.707803168463672
"154",-0.273645701374081,0.286833101040251,0.696211527075338,0.194323103970102,0.927272411674886
"155",-0.467845324672254,0.761984609852384,2.52605918577748,2.11214220266745,2.04170732525703
"156",-1.23825232798621,-1.94312814702745,-0.935828961926724,-1.02694017521043,-0.0149387314319969
"157",-0.00776203377732663,-0.490248608361625,1.25450369542851,1.21570666921439,1.15453118364077
"158",-0.80028217795166,-0.713965359296258,-0.189706226562475,0.242609369440795,-0.195624179498022
"159",-0.533492329950436,-1.35184207262914,-1.91073071374947,-1.53303844512586,-0.284252493966399
"160",1.28767524558459,1.32788982637051,-1.0514591885205,-0.766476517254759,0.88758595725346
"161",-0.175525870242127,-0.584661044462972,0.198183266479546,1.80578899090734,2.10406841574282
"162",-1.07178238415068,0.362455884686904,-0.600049155237049,0.663587370682995,-0.604278872819484
"163",0.163206882467382,0.14073054038232,0.110979704151327,1.16601919187621,1.11392013268815
"164",-0.36273841562795,0.364830964760712,1.62229199065042,1.17628225453504,0.773843233938544
"165",0.590013547987339,1.60288658336089,1.15933376271825,0.223688393033763,0.210722408436241
"166",1.43242192773099,1.07195295951635,0.359896170814159,0.651713733628749,0.286837781536193
"167",-0.992692511109493,0.265765500700118,-1.39349029630222,-0.929209759617418,-1.55323904312031
"168",0.454650297580283,0.441348523891566,-0.397777599331569,2.23081732551889,1.69849419629284
"169",0.0848980586784873,-1.1583999854508,-1.09761436857924,-2.12065694556136,-0.364630541374897
"170",0.895565582264545,0.555261157289627,0.85275822264558,0.454948002879722,1.52314050406884
"171",-0.229778138946266,0.436642081465923,0.626919022899968,1.47744395902115,1.32028774500327
"172",0.836619068460613,0.893537055350184,0.502616107408505,-1.1171302049292,-1.27837156664737
"173",-1.74505586133669,-1.18614419350463,-0.508184318727451,-0.537483089348947,-0.786626472637017
"174",1.68945892131337,0.039515761853304,-0.208764929627483,0.0877121043817906,-0.401561118615376
"175",0.864777978518578,1.03598548207872,0.593973793455477,0.26203534127558,0.622835504537296
"176",-0.150775988885748,-0.82363041600976,-0.23565744198178,-0.817200471689621,-0.708002811116237
"177",-1.44900713013917,-1.87086303202395,-0.669647925682434,-0.554321700785307,1.81785296320709
"178",0.643008700041982,0.86174739474959,1.93606319385659,2.29221413212284,1.28872072639329
"179",0.483193863814768,-0.696332213863001,-1.2726016863317,-1.83465301346325,-1.08145482244883
"180",-0.00635562642138871,0.191678156072077,1.28526893110661,1.89007325893161,1.07345138117909
"181",0.151455892862424,0.0930912839923307,0.588410174311295,1.05172138387818,0.201698795682159
"182",-0.584108970349804,-1.41303313103033,-2.01343105703823,-2.27508328287208,-0.843125265953426
"183",0.368806732630242,1.16504116904437,0.419134860581517,-0.757137845865179,-0.887818694612857
"184",0.294654339719516,-0.297451395487434,-0.667072661095673,-0.442773784039398,-0.28602489179451
"185",-0.279259373342575,0.792427029063793,-0.310565495310716,-0.0169860949356166,-0.222451136871613
"186",-1.33623665489315,-1.1817689366256,-1.88028210252669,-0.485851806076754,-2.43715966324036
"187",0.700748818440034,-0.0395963858566324,-0.417059651901104,-0.318226316620556,0.281350631442412
"188",0.554196622274033,0.307537153677621,-0.179142577693466,0.168860311396066,0.228078580742443
"189",-0.836306592801415,-0.788229552463613,-0.692361994879169,0.417819141224519,-0.368495325203089
"190",-1.59458816200624,-1.24203375932193,-2.33200946276001,-0.812924194362275,0.493924338145074
"191",0.204958580587634,-0.5791563583944,0.0346660469595156,0.60253179073096,-0.555526464403243
"192",-0.34508797797289,-1.1773704869261,-0.0504727705562639,0.191411006173954,-1.20904275527748
"193",0.252611703364455,0.6421963169683,0.984922273392313,0.956110879392803,0.106282337798653
"194",-1.29400246548455,-1.42136415246071,-0.165157878221757,0.726223193200074,-0.416206566139895
"195",-0.959170444380363,-1.67666781055533,-0.76176224154114,0.238310456433699,0.74715977297764
"196",1.0857748536799,0.245186592877103,1.30953265142461,0.873612398011823,0.632320886920386
"197",0.403774904715714,-0.398483446560442,-0.920330282760845,-0.389018258135547,-0.530407949722658
"198",0.586487536719298,-1.40233602650448,-1.75256856955435,-0.0420113886980056,-0.0203051273713959
"199",1.81522844615395,0.856387348278232,0.741283377532688,1.54885527300327,0.293461233697508
"200",0.128821428602383,0.211032154089844,0.468726954552734,-0.35596449475397,-0.0950886380417269
"201",-2.00092923773151,-0.964803657450356,-1.12785517298711,0.224242551116378,0.288512541250288
"202",0.33377719743357,0.514459330796723,0.312237528283737,0.15846730738431,0.0491996727512122
"203",1.17132512735879,-0.0978798939853756,0.204813757670482,-0.958269230788082,-0.625013782550199
"204",2.0595392422993,0.975141849520836,0.840068843157733,1.4927815018371,0.139143754759757
"205",-1.37686159824052,-1.63279600328739,-0.196792605171773,-0.07862739472284,0.65028601896035
"206",-1.15085556562711,-1.19885852500328,0.0873382013039076,0.738068938448798,-0.634634778811278
"207",-0.705821394760121,-1.39136538724595,-2.70829698113121,-0.538428790839931,1.32142770977393
"208",-1.05405578207719,-1.52560450976847,0.543312738364276,1.13622976357094,1.95665076322446
"209",-0.645743723142491,0.116458696175253,0.428854399918158,0.0526826111595037,0.424067166193679
"210",-0.185377967676503,-0.329244036748803,-0.637372496808363,-0.540606935068849,-1.36541598536625
"211",-1.20122205073999,-0.927806165146928,-1.40199291257319,-1.67238774211648,-0.767459161654082
"212",2.03697216698315,2.60582984410309,2.15725782670781,0.934884776453194,-0.639715584210429
"213",0.107774744885547,0.0179511146054307,0.272349925420294,0.533316593554517,0.144198069437187
"214",-0.0841081005055806,-0.480115887990483,0.598408229643492,0.20939153951381,0.729197720514384
"215",0.495619641604594,0.895201141895348,0.444108185080441,0.771654158558357,1.13203168214268
"216",0.0374151861179653,-0.367357156641007,-0.396861445723054,0.304883672763416,0.222901500934069
"217",-0.13208803695591,1.01907340301006,2.35362842020615,1.90196417700019,1.05765389966372
"218",1.4767874235521,0.583934565614281,-1.30763036559681,-1.19439321694963,-0.578691376404149
"219",-0.217030210092104,-0.623140217349978,-0.0299955474762176,-1.06954787588734,-1.88904499987568
"220",-1.28360220409223,-1.70466136331508,-0.629713075503573,-0.360559430161775,-0.516539931240355
"221",0.385667890443402,0.49431302113891,0.622828641259519,-0.290491583253978,1.1705758333177
"222",-0.351512873529092,0.962300777834676,0.975778149446328,1.13522991449553,-0.565675317541326
"223",-0.521796093356269,-0.597885292084892,-0.549962017028647,0.156018368120951,1.3232453023376
"224",-1.06813120068717,-0.431704606910357,0.695592929385089,0.708124961253854,0.856360305931386
"225",0.428365903266692,0.5236826261006,-1.67539634359458,-1.89945641787497,-1.5049798115669
"226",-0.174018234426995,1.03334365159144,-0.0761139991883635,-0.581875902494052,1.29999333133773
"227",0.515667728648029,0.840501917721756,0.366960414250946,-0.0871807268091451,-0.0868171855321662
"228",-0.234365277305921,-0.999543290939801,-0.419175822705856,-0.190365054318608,1.2968567133659
"229",-0.658503425821771,-0.952623475226455,-0.198759305164217,1.51042061668478,1.00037688829835
"230",1.25023660407872,0.153237596899581,0.595752674810217,-0.227441264606981,0.267232230330796
"231",-0.271763715111397,-0.0497999313610626,-1.23420407214646,-2.37373629874872,-1.97369180326833
"232",0.947951995875196,0.565613420940595,0.317223865034949,0.137776670831552,-0.606697918789119
"233",-1.20158243010894,-0.42659945719195,0.184704716144735,-0.458177729393281,-1.79813460507675
"234",-0.466116096375502,-0.805543989583099,0.618019502985927,-1.0880942840102,-1.173812806831
"235",-0.26935139515318,-0.46268817322075,-0.345332682817464,-0.853748461280225,-0.00957732496821484
"236",-0.390965408130861,0.358508803461551,1.47649942462134,0.772044053003189,-0.324808842981941
"237",1.34870701199171,0.729538802036252,0.176023861977395,-0.64832169508332,-1.29100617994417
"238",-0.0227647012984126,-0.537090723664723,-0.335318409144003,0.266239016063609,-0.156123869373194
"239",0.24422585110345,0.923467009911087,0.636078157307997,1.08060292409452,0.821742555734104
"240",-0.942371707863923,-0.554625975463644,-0.706948736429267,-0.72222770915008,-0.840398525097317
"241",-0.729217276509574,-1.17075809952298,-0.0711665157166879,-1.0869267135989,0.202773520346486
"242",0.998068908554848,1.96659219414222,0.00499586424765108,0.419416902177835,0.492095305849464
"243",1.25848166459556,-0.179391793199988,-0.103180338501713,-0.67063851793488,-0.462946882431944
"244",1.2488636888101,-0.675510794835961,-0.803964976951405,-1.14371775950877,-1.57037862060534
"245",-1.38063704952533,-2.63088818856977,-1.88464749639312,-1.21487847700028,-1.49140122526198
"246",2.04996069363639,1.7508771918192,1.8841387651361,0.63559490662644,0.758764684422414
"247",1.01687282979954,0.183857597397511,0.942897424125359,0.45374911152828,0.0456643255354138
"248",-0.0267174641382579,-0.236477964060781,1.1483583427287,0.264168398839345,1.00133191086241
"249",0.703607778798261,0.653866245382193,0.148589000473439,0.378610895286527,-0.979173121702105
"250",-0.971385229151864,-0.95601838692373,-0.499889482770518,-0.942336771358509,-0.361124300936501
"251",-1.09615624155886,-1.94414188489106,-2.31054468283881,-2.20801322963849,-1.82870168300762
"252",0.0490504509375971,-1.53039676627103,-1.15226176546869,-1.47990514682987,0.13558996103724
"253",-1.19849585655778,-0.991657448519452,0.865906901058404,0.613869588090464,0.719398763748738
"254",0.190018998559748,0.253791821000905,-0.193636680500478,0.714918599444956,-0.30415027549304
"255",1.29770589960467,-1.04359850885898,-1.50705013090395,-1.67715005264957,-2.07119127521432
"256",-1.03387372296475,-0.387904649021183,-0.179831904013566,0.026788550203126,0.189613972603507
"257",-0.738440754213064,-0.105219366548947,0.939320652605715,0.198242557099074,-0.101408296244537
"258",0.0465639394508634,1.06372825423589,-0.677326503536938,-1.23608964557232,-0.866333094278647
"259",-1.01759611982611,-0.4787864570365,-0.466388928801356,0.437319378514439,0.159958715576087
"260",-0.383283959886278,-0.0660073032915787,0.337960416830123,-0.161886833379373,0.386032977301033
"261",0.872755411671398,1.00733614838348,2.13605887717559,2.62980830543634,0.903249352400471
"262",0.969545013970117,0.566414393046925,-0.18095671969909,-0.607561615697982,2.20826715239574
"263",0.383846665027094,0.16653652111321,1.30713236758114,1.37489034980484,1.11423939666116
"264",-1.85155566306746,-1.01814582631824,-0.906296359324477,0.143077099137159,-0.30928027032064
"265",-0.0539967368261657,0.562940649143011,-0.515196809420714,1.13786674445193,0.631033262309477
"266",1.06477321433828,0.293831445780816,-0.745860303478717,-1.10378247882778,-0.310860715357642
"267",0.813195037411605,0.0882938609179754,-0.128316876797139,-0.0363377144193023,0.45201188052176
"268",-0.190816474104282,-0.806619545867138,-0.461572509350083,0.331976355794279,-1.11535742041242
"269",-2.6999298085637,-2.38616371175572,-1.57071150388482,-1.45066474472474,-2.492533997586
"270",0.0609666388011166,0.29801996035158,1.0056895059738,1.12038007887749,0.660816869172958
"271",0.573751697483578,1.58214879903829,1.02181477202722,0.413814522023593,0.89658107285935
"272",0.0458035797250989,-0.747605507256485,-0.495845116083766,-1.14042891812959,-0.616598171964084
"273",0.157412540175875,-0.056304816902045,-0.513011227322298,-1.92512795096435,-0.482188988042235
"274",0.431565372868771,-0.565061705443472,-1.34759668300354,-0.583069977392279,-0.0766041417052796
"275",-0.396549736050212,0.48853931185827,-1.29876468944319,-1.14847026322428,-0.437811581198683
"276",1.30997822575155,0.532081443684427,0.463374178443371,1.52687612508386,2.25260960232135
"277",0.470393399873943,0.425439213156704,0.254260263325176,-0.60348235173295,-1.18884420855273
"278",-1.2426702705746,-0.467179612161419,0.83506976359917,0.242613101105426,-0.435728221540089
"279",1.38157545638553,-0.0144779431882323,0.224912177842358,0.722571129875081,0.761055440039542
"280",1.20445893700982,0.638879931717333,0.989158123345405,0.509704567172233,0.521806843249732
"281",0.824073963681881,0.311770284533505,0.204262755993957,0.484625871674375,-1.32536940285114
"282",-1.66262940218559,-0.457293191369325,-0.90617049495384,0.312629328210969,0.606559388299733
"283",-0.569306343605481,-1.32817956096834,-0.498786244001043,1.17462054311575,-0.203911455754887
"284",0.635513817289526,-0.578660945164507,-0.0464338307995871,0.00346729628507567,-0.916904235033775
"285",0.0437220075778579,0.638926465839601,-0.302504628398966,-0.798420051544066,0.776362131078173
"286",0.348012303661307,-0.261670906829597,-0.166918450938743,-0.876073422173016,0.300820628055266
"287",2.45959354887041,0.947519465341788,2.12176102682758,1.10265978042797,0.155607669464462
"288",-0.81838032439967,-0.400617376881927,-1.12375240791276,-1.08518347883222,0.544634982456859
"289",-2.11320011492914,-1.52423910870631,0.339411363867307,-0.610110334072735,-0.793844785575765
"290",0.273695272430415,1.65732236100928,0.729872165367182,0.929365614202345,1.37557391221097
"291",-0.687596841243412,-0.204932940131808,1.07313535992111,1.74792180430353,2.16868766609598
"292",0.446041052961866,0.396872688511575,-0.456162560908464,-0.629622830526767,0.588997378854587
"293",-0.812384723790597,0.257429093193925,0.0886297392919404,-0.666192608467644,0.507966766572919
"294",2.21205548033514,1.27927588879338,0.952588537522653,-0.224915978619216,-0.361696301459441
"295",-0.12370597157743,-0.0352318228844977,-0.109449685229205,0.462491348747814,-0.109432261933235
"296",-0.477335506030052,-1.1447016242052,-0.102594822158745,-0.0497505401275512,0.908107752215845
"297",-0.166261491486608,-1.9341340392765,-1.19726292168967,-2.17148237118955,-1.46525573049247
"298",0.862563383626431,-0.448227449875615,0.720573674696531,0.417772948285673,-0.240275049562514
"299",0.0973404852028189,0.149691834959444,0.218666056335072,0.153296103483958,-0.66910487644968
"300",-1.62561673921129,-1.80200770681107,-0.437168529750293,-0.896662812135405,0.393352533149388
"301",-0.0046207678264578,0.548273741177776,-0.646886991599249,-1.30775425341972,-0.281494645667807
"302",0.760242167662055,1.03621171473712,0.0432050105477835,-0.286846688147406,0.923260404236336
"303",0.0389909128725626,0.197298716474808,0.980120653094385,0.194460505269281,-0.338272476385942
"304",0.735072141614441,0.279717899673962,0.560873597749208,-0.0794547514151426,0.143119832022329
"305",-0.14647262699887,-1.18043546467027,-0.757964806048987,-2.14269159757443,-2.2076402321564
"306",-0.0578873353812826,-0.281882488170497,-0.242061558059288,-0.273976123989512,-0.113416808197702
"307",0.482369466104533,-0.0729006295670618,0.563824782101829,1.05876006045037,0.053542202503286
"308",0.992943636775734,1.12634949768127,0.440443166428728,1.11776393886661,1.01822595854109
"309",-1.24639549803204,0.299066330579732,0.224450618570792,1.60916217312789,1.01772855102333
"310",-0.0334875248456097,0.380739733008233,-1.10735698856547,-0.589446912770809,0.701060743393343
"311",-0.0709621812499963,-0.945208136907891,0.899343016824678,-0.106862568621052,0.16845769197333
"312",-0.75892065373095,0.881445452079963,1.09756933142524,1.11993809735071,0.424974395163642
"313",-1.03435936093915,0.187666809398207,0.769047019577618,1.30822442988964,-0.454832118428167
"314",-0.63073195397082,-0.199622199682925,-1.6341582278041,0.176642621827048,-0.224798255002507
"315",0.586807720012995,-1.4131030425599,-0.793876014363477,0.0121642404281429,-0.431658873641404
"316",-0.416322656183652,-1.01346208855272,-0.884551278662569,0.373584771091974,1.10376938444707
"317",-0.78488780950532,-0.525791139471382,-1.3902941719707,-0.66578698918742,-0.0897390982383032
"318",0.163416319486097,0.707094512943874,0.970846281633736,-0.214658728877154,-0.580382945314079
"319",-1.23671423510935,-1.68595190103224,0.0600310794219424,-0.560939488052651,-0.193674461713013
"320",1.04587377623667,3.19648343115583,1.31548636243374,2.24173056618338,1.55773567440388
"321",-0.484595416218709,-2.33381713049189,-1.46695156411353,-0.534004975651435,-0.10010740508774
"322",0.189128811680665,-0.0752698724588528,1.32777116128545,0.462035445167393,0.0771888791267099
"323",0.0510063315749732,-0.177046315664164,-1.4172217962529,-1.48605529681704,-0.0771949631326834
"324",-0.000240668886441977,-0.53083793462722,0.303415764305284,-0.432111970926365,0.701278758866815
"325",1.80938204244287,0.8304366568048,0.205523102057908,0.247797475837755,-0.716773089542033
"326",-0.825327957109945,0.0987193517918855,-0.037953029638026,-0.20157927353956,0.616062621924371
"327",1.14547045222799,-0.0121518692918271,-0.495463002328217,-1.00606236950766,-1.21418830269752
"328",0.0315731875532431,-1.64730710051068,-0.0286626020656374,0.829875491601301,0.705819811890032
"329",-0.83520580530672,-0.426109160935858,-1.13609412738173,-0.782269386067052,0.24223382244329
"330",-0.0687636490165125,-0.042714039012144,0.746594872493958,1.05309860036605,1.05512153415741
"331",0.746771687012467,0.437582490310221,1.36584158265613,0.690045217862088,0.44219607845938
"332",-0.425518734394604,0.279063219009721,-1.15983483666441,-0.689420286322036,-0.376020446959668
"333",-0.772082235193457,-0.473783503477804,-1.16210428095218,-0.0900066803491921,1.62952458716043
"334",0.152764106747895,0.71249608842978,0.865109233038317,1.07858325992955,1.77855513747158
"335",0.988596845178799,-1.01543015900093,-1.32353388305526,-0.267576848099881,-0.166119139111057
"336",-0.073458334672174,-0.946619396780745,-1.07386457730652,-2.03034625487433,-1.56031898430691
"337",-1.38702655355974,-0.553176274867269,-0.660529165058087,-0.338327348633067,1.16134337383503
"338",-1.30667590437536,-1.06632432830276,-0.86206576322777,-0.737711537622527,-0.412068955535637
"339",-0.768395325077939,0.294782483287335,0.725088914004932,0.0524231427965718,0.336169656405365
"340",-0.527108125374458,-1.12004075724585,-1.09842702832062,-1.16138635870644,0.227144145333935
"341",-0.0214270650416246,0.566265946972502,0.382926600766621,1.4410846758466,0.476764372256229
"342",0.670498070996282,-0.132767350194522,0.516973667168936,0.663255787325724,0.104506198072147
"343",-0.434617038572407,-1.15120237811608,-1.86546486362126,-1.40705003878496,-1.20116208841332
"344",-1.11387978331285,-0.942572021481264,-1.07012044593374,-0.0917663136527491,0.0688480282081618
"345",0.6071059948785,0.404087055462092,0.910082648671695,0.255210129403882,-1.64653526347265
"346",0.275456968739591,-0.816871387976674,-0.750495055927789,-0.4281512848985,-0.591926912623712
"347",1.15734706941474,0.0832035129868838,-1.9823048441014,-0.374809771524192,0.286770322184648
"348",-1.68248085947826,-2.00643416498126,-1.78978617363346,-1.4856899818488,-0.731842836713983
"349",0.0873190888948744,0.865810635544743,1.12901697509054,0.230902491979127,0.413066737373223
"350",1.35336189394267,1.39090723561269,0.42372785220636,-0.087195425048233,-1.24682608575082
"351",0.724173800683369,-0.391517429274069,-0.539044058134082,-1.11288818385745,-0.560986078947572
"352",-0.832552825764212,-0.0536548921603205,-0.146125570098154,0.0745758446546223,-0.0375880831340415
"353",0.732528486768414,0.235051953581431,0.704851668923683,0.722899466043286,0.485138245349942
"354",-0.871926869997213,-1.41386952771566,-1.17050084201908,-0.220379909070001,0.526345755557837
"355",-0.453397511229793,0.0649194449539675,0.416472445459481,1.55276430196088,2.09535990693306
"356",1.18753427862908,0.454160317700347,0.708311109177331,1.47948634464825,0.772642969980086
"357",-0.290145311790079,0.53005673387917,-0.523556458538975,-1.24204377687225,-1.25543191434265
"358",0.828546144965436,0.341236801558541,0.138182453308104,1.4961039154466,0.786661915228152
"359",-0.291227708779169,0.775707360415521,-0.00400503305502464,0.0946914181759858,0.642323876928126
"360",-1.57636240474791,-1.35362905226311,-0.410932197856097,-0.558320910907075,-0.45184899671716
"361",-0.848815696948922,-0.333651009470718,-1.39012938011309,0.32585441723127,-0.101380582125348
"362",-1.0885198619572,-0.35687638008267,1.03505393316851,1.02473652235135,0.626758974585077
"363",-0.484290571117173,-0.0672876276858185,1.0398062756496,1.93941749066756,2.2760840210592
"364",-0.336311209009573,-0.0402327755550847,-0.696412648556517,-0.517955425887085,-1.02715959730681
"365",-0.153357890661644,-0.102411968342062,-0.592225964834261,-0.926318241080239,-0.835185387199872
"366",-0.243247228574846,-0.2186403420069,-0.847042146620693,-1.96910435598893,-2.07177005752927
"367",1.89220204160011,2.22734631721514,1.11580796103017,1.56987129335309,2.69947453252928
"368",-1.38599833728542,-0.105094547264719,-0.458632371628596,-0.942701732043898,-0.96755273085347
"369",-0.41482430070778,-0.736805117546193,-0.315132057197286,0.389359042236294,0.932623941564242
"370",0.349081528106831,1.32659869383966,-0.770544768863605,-0.455455841573085,-0.267608598326899
"371",1.62844226581541,1.092904058136,0.727934603541452,0.840258683841399,0.414646432229089
"372",0.0885218957136163,-0.459372279848072,-0.240204616905236,0.718504705040376,0.195821289317191
"373",1.23915070840056,0.879332232687165,-0.796850041030166,-0.897516493983947,-1.18610187765325
"374",-1.64455553575371,-1.1124833113889,-0.391087349927929,-0.59683465527859,0.618239737375454
"375",1.44635652537848,0.948565590863971,0.56567318687191,0.233740394715202,0.621379247348592
"376",-0.690560171665183,-1.19305142631773,-0.84063696823256,0.153801762943939,0.123319176909199
"377",-0.276431085453852,-0.82171887147487,-0.462518411794292,-0.656112881406894,-1.24765838501655
"378",-1.10941875989944,0.424683919280679,0.541535512422235,0.256217662025164,-0.198269068852627
"379",0.133869316429452,0.849418334282694,0.744559057456478,1.07861848958194,1.41592228067634
"380",1.78533905173155,0.36422385151804,-0.14496709012798,0.443644758007563,-0.457515918364696
"381",2.42216335525159,0.733224320801897,1.32341580790401,1.48415286190507,0.535796618349764
"382",-1.07682890211841,0.732569164966417,0.373687286421226,0.295917201480295,0.779726067139907
"383",0.485941110403099,1.81879839594501,0.891697980380502,1.15801764065073,1.03873628223978
"384",1.38852173874429,0.211400086562364,0.871964484124918,0.81057028763292,0.0768270564935281
"385",-0.195656817284544,-1.15923830046121,0.156052024082384,-0.33373410984931,1.02253416866854
"386",-0.218174797706211,1.96789125483122,0.521804386182048,1.6283322068882,0.16534073312114
"387",-0.304777954546445,0.000836358749578742,-0.792386940155407,-1.85877853921876,-0.1464479615653
"388",0.597832724111443,0.508099548180374,-0.28503969062785,0.392342083409644,0.86565196711063
"389",1.39742941081576,0.89936695444968,-0.445968889715249,-0.0730108447744504,-1.62063533537073
"390",0.687619761239963,1.53646000580104,-0.579904558201682,-0.389988866440749,-0.0133689513207318
"391",0.320188014296969,0.0387350203091273,0.269790278640733,-0.239126796864138,0.445336422356349
"392",-0.301869925777261,0.986391775858517,0.426427187962639,0.116130290841521,-0.518275801485095
"393",0.498348685557949,0.122484850427137,0.581406470688891,1.67095374973235,1.07812023990055
"394",-0.549536917916756,0.0743945582684585,0.0395895172066088,-0.0401868248579293,-1.24375989111601
"395",-0.279256503637243,-0.994351507040649,-0.219562959210476,-0.422834761296873,-0.955517883758817
"396",1.09651344311173,0.794286843034415,0.0400112458208103,-0.586845627678942,-0.278874616174333
"397",0.442013088178811,1.22574238162083,-0.093928057229477,-0.412654605416477,-0.0648345261217298
"398",0.241016294026112,0.0138850446030784,0.630142554188039,0.382095070429511,0.193115884375417
"399",-0.255607655355518,0.8726160972848,1.08883534656891,-0.188220704340257,-0.703166204142197
"400",0.931032901484882,2.74037685121994,0.120237521064382,0.884054736482019,1.01999768035795
"401",1.33491258537547,1.55448692509002,1.55680353026092,1.15824139739567,1.74848532799345
"402",-0.869271763875442,-0.720454288148912,-1.81494700962886,-0.244948186722467,-0.609843195232489
"403",0.0554869546651026,0.11047526056425,0.0242115338614139,0.710253170609992,0.504044704584759
"404",0.0490669131919192,-0.31770460512624,-0.490635336006743,0.646625990300871,0.0219996765091585
"405",-0.578355728360897,1.39592085694471,0.665311458182779,-0.469410417791394,-0.365790859847119
"406",-0.998738655996004,-2.9662668889017,-0.754456603386642,-0.122411075495366,0.0409994909315477
"407",-0.00243278000660164,0.06325092335533,-0.969386280650492,-0.931845246464398,-0.682304833699585
"408",0.655511882812969,0.481417373381558,0.0523925996559409,0.0038781050029084,-0.263541709087663
"409",1.47684227897655,1.05686402843605,2.62391720767203,1.41710781538218,0.567699569678394
"410",-1.90915278827921,-2.39174736307339,-2.49810609445078,-1.59810112085956,-1.01323259553751
"411",-0.702439473312409,-0.24849444698124,-0.63794200042426,-0.381017360461653,-0.398202189817649
"412",-0.311430218011919,-0.0367270771859992,-0.0530415103254121,-1.52101314781973,-1.39699501765978
"413",-1.66315703066738,0.00900348177045518,0.164914490839701,0.712150305765084,0.745919400981457
"414",-0.75053344179229,-0.0315058403482025,-0.443972692613413,-0.202718684210107,0.171028975698765
"415",-0.777351759181508,0.425952366475062,0.0214479474140755,-0.665289584953938,-0.304760527062786
"416",-0.722569699859602,-1.19954361365214,0.207569263786259,-0.625701000495813,-1.23251559123782
"417",-2.18883459914707,-1.41282522337259,-0.921650256554958,-1.12832660139644,-0.431560016439364
"418",0.213418550286554,0.281441393411907,0.356037021879135,-0.859318530232478,-0.239194911742901
"419",-0.631922936254832,-0.161379961270222,0.206874809425292,0.24124861315739,-0.0555349405944841
"420",1.52049119383216,0.357243145360694,0.522111137460195,1.41711856469612,1.33635112113914
"421",0.795955949415082,1.66091110633076,1.30750512387854,1.05027069771877,1.63094312787501
"422",-1.4535295651328,-1.3615313563939,-0.705136182774797,-0.12458701377568,0.16487028844178
"423",0.0983954210058388,-1.23241072688398,-1.24476516071572,-1.90958001634267,-0.667397230640687
"424",-0.593770984233154,-0.0342705020673558,-0.0654653780918838,-1.1232662709809,0.231807017970097
"425",0.888281168634515,1.0646130590123,-0.185200275333242,-0.757143213573295,0.752022111549366
"426",0.0530704154986665,0.78714390609515,0.507643785637031,0.860099635769677,0.198517403399107
"427",-0.557023625844656,-1.09122281367342,-0.87849345428767,-1.23409677928195,-1.10803879247358
"428",0.43839703617272,0.0644074623125151,-0.0592434462445556,0.349548555624798,-0.0194825326406927
"429",0.152608158642419,-0.97118427964581,-1.41342411954513,-1.14251313707399,0.0831739017898667
"430",-0.164617581749564,0.577040444629395,0.0909111146083823,0.332174217896486,0.652201712219754
"431",2.01989062147597,1.4900917588365,-0.0522372709164114,-0.763950166814277,0.221766793638742
"432",-0.529385886317261,0.413378537354529,-0.0971742397348989,-0.732316541814008,-0.249939398926086
"433",-0.470786972984042,0.20414745891412,0.533806910080976,0.300752169268267,-0.0208568876554403
"434",-1.54593692401752,-1.4136005446541,-0.58514431413936,-0.555698791804287,-1.45331790559298
"435",-0.0405267232951771,0.119410422720369,0.784365698295696,-0.703055147869534,-1.73547450161184
"436",0.890356305470676,-0.992513752251496,-0.155508062189942,0.267103451227594,1.68203313676959
"437",-2.07138785092921,-0.840475704406252,-0.372668545265408,-1.62565523075077,-1.05370490064843
"438",-0.250065120073019,0.625080250738988,1.14244481561542,0.509047247843542,0.749547141024919
"439",-1.18165042665332,-1.40957995661065,0.178104470866878,0.163263899021927,0.626991798564858
"440",1.44193726501691,-0.84365727194826,-1.58352155327051,-1.5998648906515,0.0448287486677614
"441",1.35789553887886,-0.403524741940693,0.491779581250036,-0.638441615926757,0.0601145071672511
"442",0.33450284734065,-0.689792857904467,0.242981104425188,-0.109089978527133,-0.0511307333222618
"443",1.42933808040023,1.85038996466885,1.77124609364543,1.16257700585644,1.3128316909226
"444",-0.867317850878684,-0.517605162476818,-1.01172500920313,-1.35506242233357,-0.620313030421327
"445",0.950651724971886,-0.419844633811321,1.69623012698474,0.237290988598292,-0.317252051843089
"446",-0.585011508633235,0.0935523899384792,-2.0239463249803,-2.25298556541211,-0.745571672793679
"447",0.320957522525629,-1.55394496597254,-0.849179301273622,-0.964366956392987,-0.503507509047622
"448",-0.299396016664908,-0.377257175676743,-0.11300611147954,-0.395943098740343,-0.283392439903497
"449",-0.278543083293069,0.723159692093315,0.277979969523252,1.18822561387921,0.0817887874906594
"450",0.546115158329532,0.05433050539045,0.628180408255282,-0.460250515382304,0.561878527229409
"451",-1.30382115364487,0.26205798152593,0.243359735358325,0.437156072304212,-0.00825863552448863
"452",-0.25091446504246,1.28571041812716,0.0846969321998169,-0.23294016822857,-0.225858556806612
"453",0.17100737371791,-0.831663757748012,0.670611577632369,0.534431098894073,0.326405667505737
"454",-0.403467478747509,-1.16391058723412,-0.875280269562652,-1.07720536373721,-0.742925150082152
"455",0.104659440835727,-0.668768710975083,0.120720124968004,0.646483260132892,0.836958381647712
"456",-0.318880786734009,0.231653953986498,-0.405798389198036,-1.47621672421481,-0.28309799149449
"457",1.61834393588343,1.63906950316892,0.0535819241265078,0.145242297683945,0.496874809670093
"458",0.714188601488617,1.3958227401664,0.283031547761666,0.21637493337812,-0.962745897002851
"459",2.96586536983324,2.8190972581886,0.70503035532043,1.23262561408388,-1.00581290704691
"460",-0.795077604559211,0.383539280632388,0.637431782487782,0.289075267696094,-0.0858641093321924
"461",0.814365914679913,1.24046036761939,-0.559420889527277,-0.0439771501079682,-0.164536511045804
"462",2.09803081013037,1.38951824080364,-0.018556539804862,0.26675419038238,0.0615930167529391
"463",0.30098005515257,-0.529922813820771,-0.269682863473442,-0.641616929911251,-1.46158702483687
"464",-1.08307514183923,-1.23077387130862,-2.04938348281742,-1.49320237332346,-1.48010097594396
"465",-1.00632250180328,-0.27771589659098,-0.556654164319206,-0.483192755030108,-1.67841376723004
"466",-0.035414564917612,1.32558033245087,0.48513103811392,1.12331442551168,2.7093910404442
"467",1.30912436085341,2.15025847536374,2.25950474979138,1.74910800566179,1.54687641234385
"468",0.750400486646719,-1.09069306867283,-0.805910540407415,-0.360715827184692,-0.239080741867106
"469",-2.13836832761242,-1.95021940875022,-1.49125051533929,0.596645632155543,-1.02978493999262
"470",-0.700354108866634,0.715093547746571,-0.137272787917491,0.195317727128236,-0.0731310057405274
"471",-0.00905647529298544,-0.856721657191182,-0.113420079701023,0.174342698717781,0.728646011814546
"472",-1.45813348724477,-2.16574207033122,-1.44671892422298,-0.6405254091228,0.167303639107384
"473",0.694529646494869,0.896566658854863,0.0580885824206415,1.12429157453232,1.07135854108793
"474",-2.46133547518649,-0.0904295208022521,-0.273474990432048,0.481609317121606,1.3705851859178
"475",0.143289764040456,1.63357750839046,1.7506537099083,1.46236292196033,-0.407762179548144
"476",-0.391222119127056,0.191523189060401,1.35960075329971,0.524053424321422,-0.486204080006318
"477",-0.491164085614075,0.281034153447382,-0.359920878770769,-0.00200817985239923,-0.0156812203917207
"478",-0.283647452452051,0.277886237132916,0.169254829231654,0.21753445637619,0.253375186404556
"479",0.314794804707843,0.174407337496732,-0.163423531077186,-1.39980041239908,-1.30919417075811
"480",0.396326577938989,-2.45959531927702,0.133139392137934,-0.985524157979134,0.257793891966228
"481",-0.22560371103596,0.473200369186228,0.732871399107677,-0.743058025717133,-2.01493454338716
"482",-1.92495043034056,-1.4679517399989,-2.23187483091651,-0.572151945720442,-1.13263191332825
"483",-1.43922929832198,-0.0556165999437075,-0.377876089629291,0.168323261492179,1.31234878600731
"484",-1.4696577739724,-1.38337318204244,-2.59505501948816,-3.46185728468121,-1.58094470942501
"485",0.761863446891932,-0.850543827466333,-0.542171295867716,-0.0525977968415202,-1.17246773917546
"486",-0.24361498187128,0.850025132501619,1.03068538553966,0.766162126578219,1.11565158938995
"487",0.269676607418008,0.306907921695127,-0.546792340073093,-0.562136947325357,-0.091217329755108
"488",-1.55892752095582,1.86088689861499,-0.00251763942145056,-0.522927774372374,-1.33809430457446
"489",-0.535588006696314,0.411120726643742,1.23074373897444,-0.0267970762988505,0.252264016256522
"490",0.562451973173495,1.17627639784509,-0.1247519648559,0.516513230152423,1.00547955709059
"491",-0.178326123419918,0.504064275495933,1.00346245637404,0.298569449133914,-0.552254104987441
"492",-0.115135986202651,-0.55179149320911,-0.132226430329671,-0.185145645033791,0.269409272667379
"493",-0.0720614721063666,-0.339580613426041,0.518049160814857,0.773414082981995,-0.424080932274171
"494",1.2109098069263,1.5744066348227,1.6679596477787,1.54207194734341,1.39964192151477
"495",-0.614896900799703,0.475150283391689,1.17326105951963,0.545895785786665,-0.38244902995562
"496",0.676126458314701,0.872053603885076,1.468458163983,0.649494122741549,0.14036206659132
"497",0.898599605537552,-0.2500941851091,0.0987694063041347,0.250754225077101,-0.618311292074805
"498",-1.18931790352102,0.634106707282573,0.486167507889782,-0.484477877183354,0.208339897903447
"499",0.121258849819009,-1.0207175266547,-1.32570606581644,-0.713697311087435,-0.572239854771353
"500",-0.0112216861304115,-0.353304490567138,-1.16264476665731,-0.692414476275872,-0.0761618617248465
